Warehouse,WeekEnding,DemandFulfillment,AFIFinanceDivision,FOBDemandFullfilment
1  ,2026-03-07,3034,Import Bedding,547624
1  ,2026-03-07,25961,Domestic Casegoods,2537223
1  ,2026-03-07,6224,Domestic Bedding,1972323
1  ,2026-03-07,37721,Upholstery,10593024
1  ,2026-03-07,42797,Import Casegoods,6215955
1  ,2026-03-07,4410,Imported Upholstery,2458276
15 ,2026-03-07,6293,Domestic Bedding,2127809
15 ,2026-03-07,3471,Import Bedding,651156
15 ,2026-03-07,25891,Upholstery,7489542
15 ,2026-03-07,14385,Domestic Casegoods,1373756
15 ,2026-03-07,29954,Import Casegoods,4441052
15 ,2026-03-07,2416,Imported Upholstery,1424494
15 ,2026-03-07,4,Marketplace,0
17 ,2026-03-07,42637,Import Casegoods,6593904
17 ,2026-03-07,25377,Upholstery,7407701
17 ,2026-03-07,5248,Domestic Bedding,1765057
17 ,2026-03-07,3116,Import Bedding,618720
17 ,2026-03-07,5202,Imported Upholstery,3080908
17 ,2026-03-07,15670,Domestic Casegoods,1473025
28 ,2026-03-07,2142,Imported Upholstery,1342658
28 ,2026-03-07,3509,Domestic Bedding,1230944
28 ,2026-03-07,10352,Domestic Casegoods,992077
28 ,2026-03-07,1760,Import Bedding,285264
28 ,2026-03-07,17111,Upholstery,5054232
28 ,2026-03-07,22259,Import Casegoods,3356206
335,2026-03-07,14,Domestic Casegoods,1738
335,2026-03-07,324,Import Bedding,166596
335,2026-03-07,13668,Imported Upholstery,9018056
335,2026-03-07,59294,Import Casegoods,10261872
335,2026-03-07,24815,Upholstery,6905756
42 ,2026-03-07,0,Domestic Casegoods,0
42 ,2026-03-07,0,Import Casegoods,0
42 ,2026-03-07,0,Upholstery,0
5  ,2026-03-07,2,Marketplace,0
5  ,2026-03-07,4549,Imported Upholstery,2650214
5  ,2026-03-07,37367,Import Casegoods,5491066
5  ,2026-03-07,8510,Domestic Casegoods,852490
5  ,2026-03-07,3251,Import Bedding,720744
5  ,2026-03-07,5560,Domestic Bedding,1993695
5  ,2026-03-07,19709,Upholstery,5708546
ECR,2026-03-07,5600,Imported Upholstery,3261442
ECR,2026-03-07,28756,Domestic Bedding,8075012
ECR,2026-03-07,51350,Import Casegoods,7904382
ECR,2026-03-07,53124,Upholstery,15506860
ECR,2026-03-07,3737,Import Bedding,703434
ECR,2026-03-07,6,Marketplace,0
ECR,2026-03-07,23834,Domestic Casegoods,2202936
1  ,2026-03-14,5769,Domestic Bedding,2031773
1  ,2026-03-14,14107,Domestic Casegoods,1404952
1  ,2026-03-14,2934,Imported Upholstery,1582258
1  ,2026-03-14,29734,Import Casegoods,4188520
1  ,2026-03-14,26224,Upholstery,7291368
1  ,2026-03-14,2590,Import Bedding,469614
15 ,2026-03-14,6592,Domestic Bedding,2498908
15 ,2026-03-14,23012,Import Casegoods,3543306
15 ,2026-03-14,5235,Import Bedding,985609
15 ,2026-03-14,2392,Imported Upholstery,1441978
15 ,2026-03-14,8,Marketplace,0
15 ,2026-03-14,7701,Domestic Casegoods,826960
15 ,2026-03-14,21210,Upholstery,5931172
17 ,2026-03-14,3557,Imported Upholstery,2111126
17 ,2026-03-14,3468,Import Bedding,689852
17 ,2026-03-14,27736,Import Casegoods,4182241
17 ,2026-03-14,7880,Domestic Casegoods,793762
17 ,2026-03-14,19356,Upholstery,5583410
17 ,2026-03-14,5657,Domestic Bedding,2136648
28 ,2026-03-14,10473,Upholstery,3061448
28 ,2026-03-14,3411,Import Bedding,643782
28 ,2026-03-14,3644,Domestic Bedding,1383721
28 ,2026-03-14,1739,Imported Upholstery,1052118
28 ,2026-03-14,4251,Domestic Casegoods,427577
28 ,2026-03-14,16400,Import Casegoods,2449763
335,2026-03-14,25465,Import Casegoods,3978979
335,2026-03-14,21,Domestic Casegoods,3410
335,2026-03-14,10296,Upholstery,2791928
335,2026-03-14,5051,Imported Upholstery,3297792
335,2026-03-14,753,Import Bedding,332356
42 ,2026-03-14,0,Domestic Casegoods,0
42 ,2026-03-14,0,Import Casegoods,0
42 ,2026-03-14,0,Upholstery,0
5  ,2026-03-14,5853,Domestic Casegoods,589649
5  ,2026-03-14,17663,Upholstery,5172799
5  ,2026-03-14,6490,Domestic Bedding,2439910
5  ,2026-03-14,3442,Imported Upholstery,2219252
5  ,2026-03-14,7,Marketplace,0
5  ,2026-03-14,5248,Import Bedding,1041886
5  ,2026-03-14,30662,Import Casegoods,4368852
ECR,2026-03-14,26783,Import Casegoods,4032588
ECR,2026-03-14,13,Marketplace,0
ECR,2026-03-14,4151,Imported Upholstery,2555825
ECR,2026-03-14,4096,Import Bedding,648547
ECR,2026-03-14,8725,Domestic Bedding,2668651
ECR,2026-03-14,32556,Upholstery,9550110
ECR,2026-03-14,10434,Domestic Casegoods,1039043
1  ,2026-03-21,33998,Import Casegoods,4934614
1  ,2026-03-21,5841,Domestic Bedding,2050369
1  ,2026-03-21,14565,Domestic Casegoods,1479106
1  ,2026-03-21,24032,Upholstery,6633192
1  ,2026-03-21,3848,Imported Upholstery,2150486
1  ,2026-03-21,3955,Import Bedding,672552
15 ,2026-03-21,6974,Domestic Bedding,2675851
15 ,2026-03-21,5495,Import Bedding,1043440
15 ,2026-03-21,21298,Import Casegoods,3168251
15 ,2026-03-21,15848,Upholstery,4531368
15 ,2026-03-21,2071,Imported Upholstery,1130256
15 ,2026-03-21,7045,Domestic Casegoods,751703
15 ,2026-03-21,8,Marketplace,0
17 ,2026-03-21,26126,Import Casegoods,4188432
17 ,2026-03-21,17873,Upholstery,5156546
17 ,2026-03-21,7663,Domestic Casegoods,789936
17 ,2026-03-21,3553,Imported Upholstery,1982060
17 ,2026-03-21,5602,Domestic Bedding,2093057
17 ,2026-03-21,3966,Import Bedding,840248
28 ,2026-03-21,3619,Domestic Bedding,1376213
28 ,2026-03-21,1771,Imported Upholstery,1064300
28 ,2026-03-21,10018,Upholstery,2982706
28 ,2026-03-21,15332,Import Casegoods,2390662
28 ,2026-03-21,4248,Domestic Casegoods,434424
28 ,2026-03-21,2958,Import Bedding,561411
335,2026-03-21,32090,Import Casegoods,5482114
335,2026-03-21,9298,Imported Upholstery,5973305
335,2026-03-21,8,Domestic Casegoods,1233
335,2026-03-21,379,Import Bedding,225948
335,2026-03-21,11841,Upholstery,3461038
42 ,2026-03-21,0,Upholstery,0
42 ,2026-03-21,0,Domestic Casegoods,0
42 ,2026-03-21,0,Import Casegoods,0
5  ,2026-03-21,4897,Domestic Casegoods,513739
5  ,2026-03-21,6387,Domestic Bedding,2498404
5  ,2026-03-21,5,Marketplace,0
5  ,2026-03-21,3080,Imported Upholstery,1919004
5  ,2026-03-21,16363,Upholstery,4828388
5  ,2026-03-21,25007,Import Casegoods,3724826
5  ,2026-03-21,5569,Import Bedding,1087172
ECR,2026-03-21,29098,Import Casegoods,4521332
ECR,2026-03-21,6643,Domestic Bedding,2210745
ECR,2026-03-21,30495,Upholstery,8790544
ECR,2026-03-21,8219,Domestic Casegoods,852034
ECR,2026-03-21,13,Marketplace,0
ECR,2026-03-21,4736,Imported Upholstery,2817644
ECR,2026-03-21,4444,Import Bedding,663666
1  ,2026-03-28,29850,Upholstery,8446244
1  ,2026-03-28,3564,Import Bedding,652230
1  ,2026-03-28,3710,Imported Upholstery,2046766
1  ,2026-03-28,4933,Domestic Bedding,1618898
1  ,2026-03-28,15349,Domestic Casegoods,1566208
1  ,2026-03-28,31837,Import Casegoods,4664405
15 ,2026-03-28,4013,Import Bedding,743073
15 ,2026-03-28,7368,Domestic Casegoods,777322
15 ,2026-03-28,12,Marketplace,0
15 ,2026-03-28,5557,Domestic Bedding,2007677
15 ,2026-03-28,23877,Import Casegoods,3472178
15 ,2026-03-28,2075,Imported Upholstery,1207892
15 ,2026-03-28,16514,Upholstery,4639715
17 ,2026-03-28,3808,Imported Upholstery,2148669
17 ,2026-03-28,4604,Domestic Bedding,1619405
17 ,2026-03-28,16965,Upholstery,4798084
17 ,2026-03-28,3922,Import Bedding,813657
17 ,2026-03-28,36490,Import Casegoods,5890630
17 ,2026-03-28,8508,Domestic Casegoods,863520
28 ,2026-03-28,10117,Upholstery,2964270
28 ,2026-03-28,1847,Imported Upholstery,1163889
28 ,2026-03-28,2368,Import Bedding,422404
28 ,2026-03-28,3007,Domestic Bedding,1071937
28 ,2026-03-28,17512,Import Casegoods,2788838
28 ,2026-03-28,4370,Domestic Casegoods,449882
335,2026-03-28,63322,Import Casegoods,10075846
335,2026-03-28,14,Domestic Casegoods,2076
335,2026-03-28,10336,Upholstery,2872380
335,2026-03-28,9015,Imported Upholstery,4727254
335,2026-03-28,56,Import Bedding,43730
42 ,2026-03-28,0,Import Casegoods,0
42 ,2026-03-28,0,Upholstery,0
42 ,2026-03-28,0,Domestic Casegoods,0
5  ,2026-03-28,3095,Imported Upholstery,1966240
5  ,2026-03-28,7,Marketplace,0
5  ,2026-03-28,4094,Import Bedding,757852
5  ,2026-03-28,17750,Upholstery,5079562
5  ,2026-03-28,26078,Import Casegoods,4128260
5  ,2026-03-28,5254,Domestic Casegoods,554137
5  ,2026-03-28,5161,Domestic Bedding,1903046
ECR,2026-03-28,14,Marketplace,0
ECR,2026-03-28,29387,Upholstery,8346268
ECR,2026-03-28,8930,Domestic Casegoods,911506
ECR,2026-03-28,34324,Import Casegoods,5513345
ECR,2026-03-28,4956,Imported Upholstery,3060420
ECR,2026-03-28,7543,Domestic Bedding,2178130
ECR,2026-03-28,4700,Import Bedding,919725
1  ,2026-04-04,23482,Upholstery,6522196
1  ,2026-04-04,30392,Import Casegoods,4495147
1  ,2026-04-04,4399,Import Bedding,782446
1  ,2026-04-04,2915,Imported Upholstery,1661960
1  ,2026-04-04,16145,Domestic Casegoods,1614914
1  ,2026-04-04,7322,Domestic Bedding,2479576
15 ,2026-04-04,7508,Domestic Casegoods,791098
15 ,2026-04-04,15703,Upholstery,4389847
15 ,2026-04-04,15,Marketplace,0
15 ,2026-04-04,2142,Imported Upholstery,1234201
15 ,2026-04-04,5825,Import Bedding,1119304
15 ,2026-04-04,23634,Import Casegoods,3566990
15 ,2026-04-04,8911,Domestic Bedding,3248926
17 ,2026-04-04,3570,Imported Upholstery,2100740
17 ,2026-04-04,9119,Domestic Casegoods,918540
17 ,2026-04-04,15446,Upholstery,4476684
17 ,2026-04-04,7609,Domestic Bedding,2713999
17 ,2026-04-04,4545,Import Bedding,931199
17 ,2026-04-04,34449,Import Casegoods,5268006
28 ,2026-04-04,4419,Domestic Casegoods,470908
28 ,2026-04-04,3006,Import Bedding,562882
28 ,2026-04-04,5341,Domestic Bedding,1943185
28 ,2026-04-04,1859,Imported Upholstery,1179610
28 ,2026-04-04,10257,Upholstery,2972370
28 ,2026-04-04,18517,Import Casegoods,2935638
335,2026-04-04,12869,Imported Upholstery,8468002
335,2026-04-04,531,Import Bedding,316818
335,2026-04-04,17,Domestic Casegoods,2651
335,2026-04-04,27173,Upholstery,7661968
335,2026-04-04,54946,Import Casegoods,9606748
42 ,2026-04-04,0,Upholstery,0
42 ,2026-04-04,0,Domestic Casegoods,0
42 ,2026-04-04,0,Import Casegoods,0
5  ,2026-04-04,32739,Import Casegoods,4575408
5  ,2026-04-04,18237,Upholstery,5243417
5  ,2026-04-04,8527,Domestic Bedding,3131526
5  ,2026-04-04,10,Marketplace,0
5  ,2026-04-04,6274,Import Bedding,1192488
5  ,2026-04-04,5937,Domestic Casegoods,631333
5  ,2026-04-04,3341,Imported Upholstery,1912504
ECR,2026-04-04,5698,Import Bedding,926111
ECR,2026-04-04,35655,Upholstery,10156604
ECR,2026-04-04,5154,Imported Upholstery,3070354
ECR,2026-04-04,8977,Domestic Bedding,2884852
ECR,2026-04-04,10204,Domestic Casegoods,1033448
ECR,2026-04-04,22,Marketplace,0
ECR,2026-04-04,34751,Import Casegoods,5373477
1  ,2026-04-11,7569,Domestic Bedding,2512951
1  ,2026-04-11,15853,Domestic Casegoods,1621744
1  ,2026-04-11,29837,Import Casegoods,4378386
1  ,2026-04-11,2893,Imported Upholstery,1588124
1  ,2026-04-11,25260,Upholstery,7060956
1  ,2026-04-11,3931,Import Bedding,744321
15 ,2026-04-11,2032,Imported Upholstery,1167560
15 ,2026-04-11,5434,Import Bedding,1031082
15 ,2026-04-11,7235,Domestic Casegoods,758432
15 ,2026-04-11,16,Marketplace,0
15 ,2026-04-11,9179,Domestic Bedding,3303442
15 ,2026-04-11,25328,Import Casegoods,3822804
15 ,2026-04-11,17074,Upholstery,4826946
17 ,2026-04-11,5104,Import Bedding,1040531
17 ,2026-04-11,16032,Upholstery,4647283
17 ,2026-04-11,7561,Domestic Bedding,2636559
17 ,2026-04-11,3429,Imported Upholstery,2151132
17 ,2026-04-11,26038,Import Casegoods,4200572
17 ,2026-04-11,7538,Domestic Casegoods,753856
28 ,2026-04-11,5164,Domestic Casegoods,505829
28 ,2026-04-11,14649,Import Casegoods,2351766
28 ,2026-04-11,2831,Import Bedding,562944
28 ,2026-04-11,9787,Upholstery,2886920
28 ,2026-04-11,5293,Domestic Bedding,1851343
28 ,2026-04-11,1766,Imported Upholstery,1052240
335,2026-04-11,12,Domestic Casegoods,1903
335,2026-04-11,48553,Import Casegoods,8632524
335,2026-04-11,360,Import Bedding,165434
335,2026-04-11,9222,Imported Upholstery,5912134
335,2026-04-11,13594,Upholstery,3806305
42 ,2026-04-11,0,Upholstery,0
42 ,2026-04-11,0,Domestic Casegoods,0
42 ,2026-04-11,0,Import Casegoods,0
5  ,2026-04-11,6101,Import Bedding,1113071
5  ,2026-04-11,18154,Upholstery,5270804
5  ,2026-04-11,8727,Domestic Bedding,3172314
5  ,2026-04-11,12,Marketplace,0
5  ,2026-04-11,4916,Domestic Casegoods,515019
5  ,2026-04-11,25240,Import Casegoods,3714166
5  ,2026-04-11,2875,Imported Upholstery,1708558
ECR,2026-04-11,38019,Upholstery,11257575
ECR,2026-04-11,28068,Import Casegoods,4379970
ECR,2026-04-11,9285,Domestic Bedding,2923642
ECR,2026-04-11,21,Marketplace,0
ECR,2026-04-11,9749,Domestic Casegoods,965542
ECR,2026-04-11,4903,Import Bedding,871443
ECR,2026-04-11,3536,Imported Upholstery,2088466
1  ,2026-04-18,18001,Domestic Casegoods,1759212
1  ,2026-04-18,28535,Import Casegoods,4326077
1  ,2026-04-18,5477,Import Bedding,1019646
1  ,2026-04-18,7240,Domestic Bedding,2457327
1  ,2026-04-18,22082,Upholstery,6169036
1  ,2026-04-18,2842,Imported Upholstery,1575476
15 ,2026-04-18,1663,Imported Upholstery,982288
15 ,2026-04-18,4899,Import Bedding,902244
15 ,2026-04-18,7157,Domestic Casegoods,753918
15 ,2026-04-18,15840,Upholstery,4490728
15 ,2026-04-18,14,Marketplace,0
15 ,2026-04-18,19622,Import Casegoods,3051696
15 ,2026-04-18,8798,Domestic Bedding,3195167
17 ,2026-04-18,8092,Domestic Casegoods,818618
17 ,2026-04-18,17108,Upholstery,4995814
17 ,2026-04-18,2963,Imported Upholstery,1799286
17 ,2026-04-18,6967,Domestic Bedding,2483328
17 ,2026-04-18,30352,Import Casegoods,5018366
17 ,2026-04-18,4013,Import Bedding,838683
28 ,2026-04-18,3128,Import Bedding,637851
28 ,2026-04-18,5012,Domestic Bedding,1771888
28 ,2026-04-18,12937,Import Casegoods,2094700
28 ,2026-04-18,4153,Domestic Casegoods,431344
28 ,2026-04-18,9991,Upholstery,2954738
28 ,2026-04-18,1391,Imported Upholstery,898389
335,2026-04-18,10,Domestic Casegoods,1586
335,2026-04-18,41148,Import Casegoods,7228730
335,2026-04-18,528,Import Bedding,307151
335,2026-04-18,14654,Upholstery,4105366
335,2026-04-18,8285,Imported Upholstery,5310712
42 ,2026-04-18,0,Domestic Casegoods,0
42 ,2026-04-18,0,Import Casegoods,0
42 ,2026-04-18,0,Upholstery,0
5  ,2026-04-18,17591,Upholstery,5115110
5  ,2026-04-18,28450,Import Casegoods,4513925
5  ,2026-04-18,8,Marketplace,0
5  ,2026-04-18,5514,Import Bedding,1102738
5  ,2026-04-18,5432,Domestic Casegoods,556639
5  ,2026-04-18,4536,Imported Upholstery,2460018
5  ,2026-04-18,8339,Domestic Bedding,3055808
ECR,2026-04-18,27234,Import Casegoods,4282022
ECR,2026-04-18,9341,Domestic Casegoods,935592
ECR,2026-04-18,31181,Upholstery,8994880
ECR,2026-04-18,5022,Import Bedding,849225
ECR,2026-04-18,21,Marketplace,0
ECR,2026-04-18,7872,Domestic Bedding,2598440
ECR,2026-04-18,4043,Imported Upholstery,2431252
1  ,2026-04-25,6780,Domestic Bedding,2272175
1  ,2026-04-25,3628,Imported Upholstery,1989400
1  ,2026-04-25,32919,Import Casegoods,4805790
1  ,2026-04-25,30550,Upholstery,8322642
1  ,2026-04-25,15338,Domestic Casegoods,1546778
1  ,2026-04-25,4943,Import Bedding,907021
15 ,2026-04-25,1912,Imported Upholstery,1106042
15 ,2026-04-25,7841,Domestic Casegoods,799712
15 ,2026-04-25,8226,Domestic Bedding,2959795
15 ,2026-04-25,18948,Upholstery,5083142
15 ,2026-04-25,4944,Import Bedding,862500
15 ,2026-04-25,14,Marketplace,0
15 ,2026-04-25,19878,Import Casegoods,3134876
17 ,2026-04-25,6543,Domestic Bedding,2306501
17 ,2026-04-25,8292,Domestic Casegoods,820198
17 ,2026-04-25,19153,Upholstery,5194560
17 ,2026-04-25,4169,Import Bedding,795816
17 ,2026-04-25,2713,Imported Upholstery,1630920
17 ,2026-04-25,26096,Import Casegoods,4304352
28 ,2026-04-25,3902,Import Bedding,713018
28 ,2026-04-25,14605,Import Casegoods,2315257
28 ,2026-04-25,1652,Imported Upholstery,1022273
28 ,2026-04-25,4635,Domestic Bedding,1638041
28 ,2026-04-25,4619,Domestic Casegoods,460262
28 ,2026-04-25,13283,Upholstery,3605296
335,2026-04-25,33004,Import Casegoods,5923412
335,2026-04-25,17,Domestic Casegoods,2740
335,2026-04-25,6176,Imported Upholstery,3480372
335,2026-04-25,298,Import Bedding,147580
335,2026-04-25,11801,Upholstery,3273351
42 ,2026-04-25,0,Upholstery,0
42 ,2026-04-25,0,Domestic Casegoods,0
42 ,2026-04-25,0,Import Casegoods,0
5  ,2026-04-25,3750,Imported Upholstery,2344788
5  ,2026-04-25,21865,Upholstery,6041182
5  ,2026-04-25,5632,Import Bedding,1050426
5  ,2026-04-25,7743,Domestic Bedding,2821064
5  ,2026-04-25,5453,Domestic Casegoods,552953
5  ,2026-04-25,18,Marketplace,0
5  ,2026-04-25,28181,Import Casegoods,4400189
ECR,2026-04-25,7600,Domestic Bedding,2477461
ECR,2026-04-25,10690,Domestic Casegoods,1044656
ECR,2026-04-25,20,Marketplace,0
ECR,2026-04-25,3541,Imported Upholstery,2173060
ECR,2026-04-25,29471,Import Casegoods,4823004
ECR,2026-04-25,4409,Import Bedding,774602
ECR,2026-04-25,32996,Upholstery,9173765
1  ,2026-05-02,18956,Domestic Casegoods,1885075
1  ,2026-05-02,7369,Domestic Bedding,2447139
1  ,2026-05-02,4625,Import Bedding,844124
1  ,2026-05-02,23422,Upholstery,6516870
1  ,2026-05-02,3352,Imported Upholstery,1787114
1  ,2026-05-02,27770,Import Casegoods,4407270
15 ,2026-05-02,8098,Domestic Casegoods,838068
15 ,2026-05-02,22267,Import Casegoods,3299257
15 ,2026-05-02,1711,Imported Upholstery,1025169
15 ,2026-05-02,9091,Domestic Bedding,3251601
15 ,2026-05-02,20,Marketplace,0
15 ,2026-05-02,5559,Import Bedding,1109397
15 ,2026-05-02,16387,Upholstery,4611679
17 ,2026-05-02,5946,Import Bedding,1101204
17 ,2026-05-02,8032,Domestic Bedding,2796270
17 ,2026-05-02,10404,Domestic Casegoods,1025344
17 ,2026-05-02,2920,Imported Upholstery,1764665
17 ,2026-05-02,18222,Upholstery,5358000
17 ,2026-05-02,29090,Import Casegoods,4622544
28 ,2026-05-02,3597,Import Bedding,599449
28 ,2026-05-02,11194,Upholstery,3268562
28 ,2026-05-02,2036,Imported Upholstery,1199329
28 ,2026-05-02,5383,Domestic Casegoods,536546
28 ,2026-05-02,18919,Import Casegoods,2919554
28 ,2026-05-02,5474,Domestic Bedding,1959055
335,2026-05-02,11704,Upholstery,3270296
335,2026-05-02,15,Domestic Casegoods,2209
335,2026-05-02,7392,Imported Upholstery,4339123
335,2026-05-02,40090,Import Casegoods,7053558
335,2026-05-02,557,Import Bedding,288610
42 ,2026-05-02,0,Import Casegoods,0
42 ,2026-05-02,0,Upholstery,0
42 ,2026-05-02,0,Domestic Casegoods,0
5  ,2026-05-02,17376,Upholstery,5022873
5  ,2026-05-02,8776,Domestic Bedding,3166758
5  ,2026-05-02,6556,Domestic Casegoods,661901
5  ,2026-05-02,16,Marketplace,0
5  ,2026-05-02,6132,Import Bedding,1136705
5  ,2026-05-02,3411,Imported Upholstery,2181188
5  ,2026-05-02,39209,Import Casegoods,5971978
ECR,2026-05-02,11191,Domestic Casegoods,1100470
ECR,2026-05-02,9663,Domestic Bedding,3030555
ECR,2026-05-02,5081,Import Bedding,883534
ECR,2026-05-02,4570,Imported Upholstery,2719323
ECR,2026-05-02,31,Marketplace,0
ECR,2026-05-02,28583,Import Casegoods,4275154
ECR,2026-05-02,29328,Upholstery,8475217
1  ,2026-05-09,3206,Imported Upholstery,1776566
1  ,2026-05-09,7433,Domestic Bedding,2487261
1  ,2026-05-09,4800,Import Bedding,868468
1  ,2026-05-09,17987,Domestic Casegoods,1811402
1  ,2026-05-09,27218,Import Casegoods,4148002
1  ,2026-05-09,25707,Upholstery,7254657
15 ,2026-05-09,5412,Import Bedding,1034221
15 ,2026-05-09,21589,Import Casegoods,3403636
15 ,2026-05-09,2154,Imported Upholstery,1144940
15 ,2026-05-09,8061,Domestic Casegoods,835506
15 ,2026-05-09,16709,Upholstery,4785664
15 ,2026-05-09,22,Marketplace,0
15 ,2026-05-09,9123,Domestic Bedding,3272077
17 ,2026-05-09,23238,Import Casegoods,3837040
17 ,2026-05-09,2939,Imported Upholstery,1743084
17 ,2026-05-09,7378,Domestic Bedding,2574330
17 ,2026-05-09,9548,Domestic Casegoods,948648
17 ,2026-05-09,4325,Import Bedding,884084
17 ,2026-05-09,14822,Upholstery,4162942
28 ,2026-05-09,5190,Domestic Bedding,1813972
28 ,2026-05-09,18545,Import Casegoods,2917606
28 ,2026-05-09,2929,Import Bedding,503402
28 ,2026-05-09,10436,Upholstery,3050092
28 ,2026-05-09,5053,Domestic Casegoods,513329
28 ,2026-05-09,1961,Imported Upholstery,1242817
335,2026-05-09,564,Import Bedding,291196
335,2026-05-09,27525,Import Casegoods,4909521
335,2026-05-09,10999,Upholstery,3083029
335,2026-05-09,11,Domestic Casegoods,1842
335,2026-05-09,8002,Imported Upholstery,4125997
42 ,2026-05-09,0,Domestic Casegoods,0
42 ,2026-05-09,0,Upholstery,0
42 ,2026-05-09,0,Import Casegoods,0
5  ,2026-05-09,8976,Domestic Bedding,3177738
5  ,2026-05-09,6446,Domestic Casegoods,654206
5  ,2026-05-09,2929,Imported Upholstery,1795956
5  ,2026-05-09,6245,Import Bedding,1160252
5  ,2026-05-09,16403,Upholstery,4816809
5  ,2026-05-09,17,Marketplace,0
5  ,2026-05-09,36742,Import Casegoods,5802163
ECR,2026-05-09,11023,Domestic Casegoods,1104928
ECR,2026-05-09,50,Marketplace,0
ECR,2026-05-09,5163,Imported Upholstery,2960454
ECR,2026-05-09,30392,Import Casegoods,4723001
ECR,2026-05-09,4818,Import Bedding,868624
ECR,2026-05-09,35289,Upholstery,10154552
ECR,2026-05-09,8895,Domestic Bedding,2806162
1  ,2026-05-16,3731,Imported Upholstery,2041373
1  ,2026-05-16,16951,Domestic Casegoods,1736068
1  ,2026-05-16,29846,Import Casegoods,4556698
1  ,2026-05-16,4364,Import Bedding,813812
1  ,2026-05-16,7479,Domestic Bedding,2505700
1  ,2026-05-16,23856,Upholstery,6674446
15 ,2026-05-16,2009,Imported Upholstery,1167367
15 ,2026-05-16,5586,Import Bedding,1110894
15 ,2026-05-16,22526,Import Casegoods,3439896
15 ,2026-05-16,8544,Domestic Casegoods,882588
15 ,2026-05-16,15007,Upholstery,4272574
15 ,2026-05-16,39,Marketplace,0
15 ,2026-05-16,9224,Domestic Bedding,3320176
17 ,2026-05-16,17385,Upholstery,5159672
17 ,2026-05-16,3326,Imported Upholstery,1888232
17 ,2026-05-16,5311,Import Bedding,1119503
17 ,2026-05-16,9517,Domestic Casegoods,952282
17 ,2026-05-16,29608,Import Casegoods,4699666
17 ,2026-05-16,7504,Domestic Bedding,2602770
28 ,2026-05-16,5177,Domestic Bedding,1823766
28 ,2026-05-16,5473,Domestic Casegoods,553297
28 ,2026-05-16,27407,Import Casegoods,4582483
28 ,2026-05-16,4849,Import Bedding,867750
28 ,2026-05-16,10284,Upholstery,3000206
28 ,2026-05-16,1839,Imported Upholstery,1122892
335,2026-05-16,524,Import Bedding,278408
335,2026-05-16,16,Domestic Casegoods,2270
335,2026-05-16,29659,Import Casegoods,5288564
335,2026-05-16,5526,Imported Upholstery,3089484
335,2026-05-16,11961,Upholstery,3370256
42 ,2026-05-16,0,Domestic Casegoods,0
42 ,2026-05-16,0,Import Casegoods,0
42 ,2026-05-16,0,Upholstery,0
5  ,2026-05-16,4486,Imported Upholstery,2648034
5  ,2026-05-16,16540,Upholstery,4868090
5  ,2026-05-16,5694,Import Bedding,1059885
5  ,2026-05-16,8968,Domestic Bedding,3205221
5  ,2026-05-16,13,Marketplace,0
5  ,2026-05-16,34431,Import Casegoods,5600304
5  ,2026-05-16,6440,Domestic Casegoods,660814
ECR,2026-05-16,48604,Upholstery,14141895
ECR,2026-05-16,11783,Domestic Casegoods,1172776
ECR,2026-05-16,33,Marketplace,0
ECR,2026-05-16,32603,Import Casegoods,5268382
ECR,2026-05-16,4188,Imported Upholstery,2406492
ECR,2026-05-16,5327,Import Bedding,1069981
ECR,2026-05-16,9056,Domestic Bedding,2876826
1  ,2026-05-23,9116,Domestic Bedding,3186055
1  ,2026-05-23,25736,Upholstery,7172358
1  ,2026-05-23,3038,Imported Upholstery,1730366
1  ,2026-05-23,33403,Import Casegoods,5000745
1  ,2026-05-23,5409,Import Bedding,1028535
1  ,2026-05-23,16629,Domestic Casegoods,1693380
15 ,2026-05-23,21111,Upholstery,5908208
15 ,2026-05-23,22,Marketplace,0
15 ,2026-05-23,11761,Domestic Bedding,4374402
15 ,2026-05-23,10031,Import Bedding,1628340
15 ,2026-05-23,36391,Import Casegoods,5760314
15 ,2026-05-23,8752,Domestic Casegoods,898158
15 ,2026-05-23,1886,Imported Upholstery,1071870
17 ,2026-05-23,3695,Imported Upholstery,2231310
17 ,2026-05-23,9203,Domestic Bedding,3319183
17 ,2026-05-23,5477,Import Bedding,1165582
17 ,2026-05-23,32785,Import Casegoods,5508701
17 ,2026-05-23,16823,Upholstery,4947036
17 ,2026-05-23,8285,Domestic Casegoods,846064
28 ,2026-05-23,6736,Domestic Bedding,2420566
28 ,2026-05-23,19172,Import Casegoods,3114224
28 ,2026-05-23,4108,Import Bedding,697724
28 ,2026-05-23,13610,Upholstery,4042962
28 ,2026-05-23,4709,Domestic Casegoods,489706
28 ,2026-05-23,1892,Imported Upholstery,1133979
335,2026-05-23,27238,Import Casegoods,4798888
335,2026-05-23,5599,Imported Upholstery,2892808
335,2026-05-23,11,Domestic Casegoods,1842
335,2026-05-23,516,Import Bedding,268698
335,2026-05-23,11234,Upholstery,3117381
42 ,2026-05-23,0,Domestic Casegoods,0
42 ,2026-05-23,0,Import Casegoods,0
42 ,2026-05-23,0,Upholstery,0
5  ,2026-05-23,16923,Upholstery,4894036
5  ,2026-05-23,109,Marketplace,0
5  ,2026-05-23,5764,Domestic Casegoods,600842
5  ,2026-05-23,32280,Import Casegoods,5264710
5  ,2026-05-23,3794,Imported Upholstery,2296966
5  ,2026-05-23,7788,Import Bedding,1476132
5  ,2026-05-23,11396,Domestic Bedding,4201971
ECR,2026-05-23,31745,Upholstery,9288163
ECR,2026-05-23,224,Marketplace,0
ECR,2026-05-23,55957,Import Casegoods,9688008
ECR,2026-05-23,9841,Domestic Bedding,3333292
ECR,2026-05-23,4309,Imported Upholstery,2574838
ECR,2026-05-23,6564,Import Bedding,1094487
ECR,2026-05-23,10091,Domestic Casegoods,1025362
1  ,2026-05-30,45384,Import Casegoods,7125269
1  ,2026-05-30,30447,Upholstery,8608814
1  ,2026-05-30,3679,Imported Upholstery,2070656
1  ,2026-05-30,6761,Import Bedding,1307086
1  ,2026-05-30,11104,Domestic Bedding,4006464
1  ,2026-05-30,18088,Domestic Casegoods,1879274
15 ,2026-05-30,29797,Import Casegoods,5057942
15 ,2026-05-30,8283,Domestic Casegoods,867957
15 ,2026-05-30,14513,Domestic Bedding,5578060
15 ,2026-05-30,43,Marketplace,0
15 ,2026-05-30,2354,Imported Upholstery,1383608
15 ,2026-05-30,11406,Import Bedding,2002654
15 ,2026-05-30,17425,Upholstery,4959336
17 ,2026-05-30,3551,Imported Upholstery,2116795
17 ,2026-05-30,20599,Upholstery,5940841
17 ,2026-05-30,9620,Domestic Casegoods,962564
17 ,2026-05-30,56995,Import Casegoods,9416262
17 ,2026-05-30,12012,Domestic Bedding,4490885
17 ,2026-05-30,7959,Import Bedding,1609258
28 ,2026-05-30,7905,Domestic Bedding,3051638
28 ,2026-05-30,22736,Import Casegoods,3707620
28 ,2026-05-30,6084,Import Bedding,1246044
28 ,2026-05-30,11059,Upholstery,3264274
28 ,2026-05-30,2781,Imported Upholstery,1801266
28 ,2026-05-30,4690,Domestic Casegoods,480404
335,2026-05-30,471,Import Bedding,247902
335,2026-05-30,12,Domestic Casegoods,1903
335,2026-05-30,33338,Import Casegoods,6165002
335,2026-05-30,6696,Imported Upholstery,3760612
335,2026-05-30,12103,Upholstery,3364638
42 ,2026-05-30,0,Domestic Casegoods,0
42 ,2026-05-30,0,Upholstery,0
42 ,2026-05-30,0,Import Casegoods,0
5  ,2026-05-30,5676,Domestic Casegoods,587854
5  ,2026-05-30,3996,Imported Upholstery,2523674
5  ,2026-05-30,16458,Upholstery,4760613
5  ,2026-05-30,32662,Import Casegoods,5126730
5  ,2026-05-30,13995,Domestic Bedding,5365579
5  ,2026-05-30,10205,Import Bedding,1855374
5  ,2026-05-30,45,Marketplace,0
ECR,2026-05-30,95,Marketplace,0
ECR,2026-05-30,8208,Import Bedding,1350427
ECR,2026-05-30,41538,Import Casegoods,7336325
ECR,2026-05-30,12429,Domestic Bedding,4362121
ECR,2026-05-30,32475,Upholstery,9375474
ECR,2026-05-30,6191,Imported Upholstery,3759752
ECR,2026-05-30,10447,Domestic Casegoods,1048684
1  ,2026-06-06,43643,Import Casegoods,6816760
1  ,2026-06-06,24704,Upholstery,7026172
1  ,2026-06-06,3894,Imported Upholstery,2135706
1  ,2026-06-06,6302,Domestic Bedding,2066729
1  ,2026-06-06,17933,Domestic Casegoods,1853736
1  ,2026-06-06,4013,Import Bedding,675342
15 ,2026-06-06,28086,Import Casegoods,4580551
15 ,2026-06-06,7454,Domestic Bedding,2655727
15 ,2026-06-06,2326,Imported Upholstery,1346950
15 ,2026-06-06,8274,Domestic Casegoods,887267
15 ,2026-06-06,16025,Upholstery,4573318
15 ,2026-06-06,5876,Import Bedding,1046608
15 ,2026-06-06,220,Marketplace,0
17 ,2026-06-06,9080,Domestic Casegoods,913506
17 ,2026-06-06,6163,Domestic Bedding,2122472
17 ,2026-06-06,18209,Upholstery,5237280
17 ,2026-06-06,39379,Import Casegoods,6734386
17 ,2026-06-06,4150,Imported Upholstery,2359905
17 ,2026-06-06,4863,Import Bedding,829164
28 ,2026-06-06,2400,Imported Upholstery,1525793
28 ,2026-06-06,4050,Import Bedding,734485
28 ,2026-06-06,4664,Domestic Bedding,1588318
28 ,2026-06-06,4712,Domestic Casegoods,502612
28 ,2026-06-06,10469,Upholstery,3065925
28 ,2026-06-06,17911,Import Casegoods,3039742
335,2026-06-06,30977,Import Casegoods,5661578
335,2026-06-06,12,Domestic Casegoods,1814
335,2026-06-06,13191,Upholstery,3767064
335,2026-06-06,466,Import Bedding,241597
335,2026-06-06,6326,Imported Upholstery,3553035
42 ,2026-06-06,0,Import Casegoods,0
42 ,2026-06-06,0,Domestic Casegoods,0
42 ,2026-06-06,0,Upholstery,0
5  ,2026-06-06,15946,Upholstery,4633968
5  ,2026-06-06,32669,Import Casegoods,5181390
5  ,2026-06-06,4684,Imported Upholstery,2503884
5  ,2026-06-06,5479,Import Bedding,992424
5  ,2026-06-06,7280,Domestic Bedding,2595830
5  ,2026-06-06,5964,Domestic Casegoods,644128
5  ,2026-06-06,44,Marketplace,0
ECR,2026-06-06,40711,Import Casegoods,7012875
ECR,2026-06-06,6279,Import Bedding,835405
ECR,2026-06-06,31769,Upholstery,9233748
ECR,2026-06-06,10430,Domestic Casegoods,1084072
ECR,2026-06-06,96,Marketplace,0
ECR,2026-06-06,4697,Imported Upholstery,2699574
ECR,2026-06-06,7481,Domestic Bedding,2367984
1  ,2026-06-13,4934,Import Bedding,899872
1  ,2026-06-13,40622,Import Casegoods,6775741
1  ,2026-06-13,3824,Imported Upholstery,2341852
1  ,2026-06-13,27039,Upholstery,7410871
1  ,2026-06-13,6031,Domestic Bedding,1962717
1  ,2026-06-13,20374,Domestic Casegoods,2068301
15 ,2026-06-13,10835,Domestic Casegoods,1165694
15 ,2026-06-13,77,Marketplace,0
15 ,2026-06-13,28103,Import Casegoods,4519192
15 ,2026-06-13,8027,Import Bedding,1322372
15 ,2026-06-13,7091,Domestic Bedding,2506502
15 ,2026-06-13,2885,Imported Upholstery,1692496
15 ,2026-06-13,18508,Upholstery,5097826
17 ,2026-06-13,11902,Domestic Casegoods,1193188
17 ,2026-06-13,40875,Import Casegoods,7231869
17 ,2026-06-13,20128,Upholstery,5618844
17 ,2026-06-13,6172,Domestic Bedding,2086116
17 ,2026-06-13,3802,Imported Upholstery,2255496
17 ,2026-06-13,5443,Import Bedding,1093094
28 ,2026-06-13,4012,Domestic Bedding,1391902
28 ,2026-06-13,20566,Import Casegoods,3300430
28 ,2026-06-13,13015,Upholstery,3667274
28 ,2026-06-13,2718,Imported Upholstery,1448714
28 ,2026-06-13,4208,Import Bedding,785109
28 ,2026-06-13,6799,Domestic Casegoods,696088
335,2026-06-13,473,Import Bedding,246822
335,2026-06-13,12097,Upholstery,3416154
335,2026-06-13,30096,Import Casegoods,5373452
335,2026-06-13,12,Domestic Casegoods,1903
335,2026-06-13,7213,Imported Upholstery,4001412
42 ,2026-06-13,0,Domestic Casegoods,0
42 ,2026-06-13,0,Upholstery,0
42 ,2026-06-13,0,Import Casegoods,0
5  ,2026-06-13,28903,Import Casegoods,4385852
5  ,2026-06-13,6923,Domestic Bedding,2450764
5  ,2026-06-13,6984,Domestic Casegoods,739358
5  ,2026-06-13,45,Marketplace,0
5  ,2026-06-13,7149,Import Bedding,1389846
5  ,2026-06-13,18669,Upholstery,5351786
5  ,2026-06-13,3365,Imported Upholstery,2056920
ECR,2026-06-13,5558,Imported Upholstery,3371754
ECR,2026-06-13,36604,Upholstery,10441968
ECR,2026-06-13,95,Marketplace,0
ECR,2026-06-13,4297,Import Bedding,705440
ECR,2026-06-13,8203,Domestic Bedding,2544928
ECR,2026-06-13,38641,Import Casegoods,6459244
ECR,2026-06-13,13780,Domestic Casegoods,1402433
1  ,2026-06-20,39589,Import Casegoods,6084090
1  ,2026-06-20,17333,Domestic Casegoods,1763138
1  ,2026-06-20,22435,Upholstery,6304082
1  ,2026-06-20,7010,Domestic Bedding,2259179
1  ,2026-06-20,4831,Import Bedding,792824
1  ,2026-06-20,3302,Imported Upholstery,1813872
15 ,2026-06-20,24690,Import Casegoods,3963524
15 ,2026-06-20,2736,Imported Upholstery,1407552
15 ,2026-06-20,60,Marketplace,0
15 ,2026-06-20,8223,Domestic Bedding,2862317
15 ,2026-06-20,15198,Upholstery,4312270
15 ,2026-06-20,5785,Import Bedding,1043332
15 ,2026-06-20,8093,Domestic Casegoods,856377
17 ,2026-06-20,8524,Domestic Casegoods,865516
17 ,2026-06-20,37123,Import Casegoods,6320122
17 ,2026-06-20,4839,Imported Upholstery,2953581
17 ,2026-06-20,6264,Domestic Bedding,2149388
17 ,2026-06-20,15359,Upholstery,4476020
17 ,2026-06-20,4351,Import Bedding,871511
28 ,2026-06-20,4404,Domestic Casegoods,455883
28 ,2026-06-20,16448,Import Casegoods,2702752
28 ,2026-06-20,4470,Domestic Bedding,1546252
28 ,2026-06-20,9638,Upholstery,2820156
28 ,2026-06-20,1775,Imported Upholstery,1104329
28 ,2026-06-20,3440,Import Bedding,609222
335,2026-06-20,5906,Imported Upholstery,3273124
335,2026-06-20,442,Import Bedding,227526
335,2026-06-20,13,Domestic Casegoods,1981
335,2026-06-20,12199,Upholstery,3454465
335,2026-06-20,29648,Import Casegoods,5309998
42 ,2026-06-20,0,Import Casegoods,0
42 ,2026-06-20,0,Upholstery,0
42 ,2026-06-20,0,Domestic Casegoods,0
5  ,2026-06-20,5878,Import Bedding,1036303
5  ,2026-06-20,7850,Domestic Bedding,2740638
5  ,2026-06-20,5402,Domestic Casegoods,565381
5  ,2026-06-20,27496,Import Casegoods,4294131
5  ,2026-06-20,17194,Upholstery,4918365
5  ,2026-06-20,43,Marketplace,0
5  ,2026-06-20,3564,Imported Upholstery,2112352
ECR,2026-06-20,7875,Domestic Bedding,2457989
ECR,2026-06-20,7310,Import Bedding,1671946
ECR,2026-06-20,5869,Imported Upholstery,3063440
ECR,2026-06-20,9729,Domestic Casegoods,984684
ECR,2026-06-20,32610,Upholstery,9472424
ECR,2026-06-20,33882,Import Casegoods,5463910
ECR,2026-06-20,91,Marketplace,0
1  ,2026-06-27,22687,Upholstery,6373948
1  ,2026-06-27,5206,Import Bedding,953097
1  ,2026-06-27,16998,Domestic Casegoods,1715158
1  ,2026-06-27,33891,Import Casegoods,5269074
1  ,2026-06-27,7607,Domestic Bedding,2614093
1  ,2026-06-27,4140,Imported Upholstery,2456682
15 ,2026-06-27,23595,Import Casegoods,3715016
15 ,2026-06-27,16715,Upholstery,4778096
15 ,2026-06-27,8244,Domestic Casegoods,864087
15 ,2026-06-27,9448,Domestic Bedding,3495653
15 ,2026-06-27,7632,Import Bedding,1381829
15 ,2026-06-27,2300,Imported Upholstery,1201340
15 ,2026-06-27,65,Marketplace,0
17 ,2026-06-27,8897,Domestic Casegoods,896042
17 ,2026-06-27,6422,Import Bedding,1167552
17 ,2026-06-27,15510,Upholstery,4513169
17 ,2026-06-27,7568,Domestic Bedding,2713781
17 ,2026-06-27,5144,Imported Upholstery,2585749
17 ,2026-06-27,32713,Import Casegoods,5472880
28 ,2026-06-27,10532,Upholstery,3092702
28 ,2026-06-27,4000,Import Bedding,743371
28 ,2026-06-27,16093,Import Casegoods,2618377
28 ,2026-06-27,5297,Domestic Bedding,1909152
28 ,2026-06-27,4617,Domestic Casegoods,473022
28 ,2026-06-27,1829,Imported Upholstery,1138500
335,2026-06-27,11,Domestic Casegoods,1736
335,2026-06-27,12329,Upholstery,3441330
335,2026-06-27,6209,Imported Upholstery,3486794
335,2026-06-27,29816,Import Casegoods,5307343
335,2026-06-27,466,Import Bedding,244123
42 ,2026-06-27,0,Upholstery,0
42 ,2026-06-27,0,Domestic Casegoods,0
42 ,2026-06-27,0,Import Casegoods,0
5  ,2026-06-27,7056,Import Bedding,1296026
5  ,2026-06-27,5652,Domestic Casegoods,584986
5  ,2026-06-27,16250,Upholstery,4663351
5  ,2026-06-27,9144,Domestic Bedding,3374089
5  ,2026-06-27,45,Marketplace,0
5  ,2026-06-27,3796,Imported Upholstery,2167930
5  ,2026-06-27,27920,Import Casegoods,4406496
ECR,2026-06-27,4287,Imported Upholstery,2549357
ECR,2026-06-27,5883,Import Bedding,1037369
ECR,2026-06-27,34360,Upholstery,10331514
ECR,2026-06-27,8582,Domestic Bedding,2854816
ECR,2026-06-27,95,Marketplace,0
ECR,2026-06-27,31224,Import Casegoods,5174371
ECR,2026-06-27,10272,Domestic Casegoods,1029768
1  ,2026-07-04,6440,Import Bedding,1204320
1  ,2026-07-04,16607,Domestic Casegoods,1676241
1  ,2026-07-04,9385,Domestic Bedding,3336465
1  ,2026-07-04,35808,Upholstery,10237194
1  ,2026-07-04,32851,Import Casegoods,4911710
1  ,2026-07-04,5178,Imported Upholstery,2384379
15 ,2026-07-04,12414,Domestic Bedding,4693781
15 ,2026-07-04,1991,Imported Upholstery,1141212
15 ,2026-07-04,7638,Domestic Casegoods,800604
15 ,2026-07-04,23454,Import Casegoods,3633224
15 ,2026-07-04,16927,Upholstery,4734701
15 ,2026-07-04,9609,Import Bedding,1730867
15 ,2026-07-04,78,Marketplace,0
17 ,2026-07-04,10109,Domestic Bedding,3758829
17 ,2026-07-04,32979,Import Casegoods,5228354
17 ,2026-07-04,7350,Import Bedding,1443017
17 ,2026-07-04,8492,Domestic Casegoods,854136
17 ,2026-07-04,3410,Imported Upholstery,1941450
17 ,2026-07-04,15792,Upholstery,4775560
28 ,2026-07-04,5244,Import Bedding,982403
28 ,2026-07-04,7230,Domestic Bedding,2702461
28 ,2026-07-04,2305,Imported Upholstery,1262023
28 ,2026-07-04,4277,Domestic Casegoods,437582
28 ,2026-07-04,11798,Upholstery,3599256
28 ,2026-07-04,20267,Import Casegoods,3204404
335,2026-07-04,5555,Imported Upholstery,3157801
335,2026-07-04,11055,Upholstery,3105356
335,2026-07-04,404,Import Bedding,207792
335,2026-07-04,11,Domestic Casegoods,1736
335,2026-07-04,28354,Import Casegoods,4979685
42 ,2026-07-04,0,Import Casegoods,0
42 ,2026-07-04,0,Upholstery,0
42 ,2026-07-04,0,Domestic Casegoods,0
5  ,2026-07-04,29915,Import Casegoods,4881104
5  ,2026-07-04,16338,Upholstery,5126108
5  ,2026-07-04,3075,Imported Upholstery,1869918
5  ,2026-07-04,8837,Import Bedding,1627402
5  ,2026-07-04,53,Marketplace,0
5  ,2026-07-04,5212,Domestic Casegoods,539364
5  ,2026-07-04,11871,Domestic Bedding,4481153
ECR,2026-07-04,9525,Domestic Casegoods,953278
ECR,2026-07-04,34050,Upholstery,9817240
ECR,2026-07-04,114,Marketplace,0
ECR,2026-07-04,7509,Import Bedding,1327421
ECR,2026-07-04,4519,Imported Upholstery,2569382
ECR,2026-07-04,31353,Import Casegoods,5082240
ECR,2026-07-04,10654,Domestic Bedding,3705109
1  ,2026-07-11,9121,Domestic Bedding,3194935
1  ,2026-07-11,17639,Domestic Casegoods,1781868
1  ,2026-07-11,27981,Upholstery,8256156
1  ,2026-07-11,3252,Imported Upholstery,1822679
1  ,2026-07-11,31527,Import Casegoods,4785954
1  ,2026-07-11,6132,Import Bedding,1134906
15 ,2026-07-11,11891,Domestic Bedding,4441337
15 ,2026-07-11,2304,Imported Upholstery,1274264
15 ,2026-07-11,25003,Import Casegoods,4006843
15 ,2026-07-11,16781,Upholstery,4729498
15 ,2026-07-11,8044,Domestic Casegoods,838594
15 ,2026-07-11,9247,Import Bedding,1684599
15 ,2026-07-11,82,Marketplace,0
17 ,2026-07-11,30653,Import Casegoods,5080190
17 ,2026-07-11,6934,Import Bedding,1353629
17 ,2026-07-11,9336,Domestic Bedding,3382967
17 ,2026-07-11,16858,Upholstery,4949361
17 ,2026-07-11,3468,Imported Upholstery,2035228
17 ,2026-07-11,8854,Domestic Casegoods,888148
28 ,2026-07-11,18181,Import Casegoods,3007878
28 ,2026-07-11,4570,Domestic Casegoods,466673
28 ,2026-07-11,11543,Upholstery,3328597
28 ,2026-07-11,1979,Imported Upholstery,1208298
28 ,2026-07-11,5058,Import Bedding,948739
28 ,2026-07-11,6584,Domestic Bedding,2401502
335,2026-07-11,442,Import Bedding,230632
335,2026-07-11,11998,Upholstery,3361499
335,2026-07-11,12,Domestic Casegoods,1903
335,2026-07-11,29390,Import Casegoods,5204324
335,2026-07-11,6516,Imported Upholstery,3539058
42 ,2026-07-11,0,Import Casegoods,0
42 ,2026-07-11,0,Domestic Casegoods,0
42 ,2026-07-11,0,Upholstery,0
5  ,2026-07-11,8606,Import Bedding,1577979
5  ,2026-07-11,53,Marketplace,0
5  ,2026-07-11,34062,Import Casegoods,5241976
5  ,2026-07-11,11277,Domestic Bedding,4194770
5  ,2026-07-11,3333,Imported Upholstery,2014732
5  ,2026-07-11,16256,Upholstery,4740755
5  ,2026-07-11,5540,Domestic Casegoods,570753
ECR,2026-07-11,122,Marketplace,0
ECR,2026-07-11,5261,Imported Upholstery,2923274
ECR,2026-07-11,34770,Import Casegoods,5884515
ECR,2026-07-11,10268,Domestic Bedding,3479706
ECR,2026-07-11,32698,Upholstery,9511087
ECR,2026-07-11,10073,Domestic Casegoods,1010078
ECR,2026-07-11,7393,Import Bedding,1316526
1  ,2026-07-18,6220,Domestic Bedding,2016413
1  ,2026-07-18,24875,Upholstery,6949842
1  ,2026-07-18,4363,Import Bedding,751394
1  ,2026-07-18,3456,Imported Upholstery,1846428
1  ,2026-07-18,17430,Domestic Casegoods,1758662
1  ,2026-07-18,32945,Import Casegoods,5080062
15 ,2026-07-18,6198,Import Bedding,1080213
15 ,2026-07-18,8115,Domestic Casegoods,844420
15 ,2026-07-18,81,Marketplace,0
15 ,2026-07-18,2123,Imported Upholstery,1196743
15 ,2026-07-18,16907,Upholstery,5096782
15 ,2026-07-18,7499,Domestic Bedding,2629304
15 ,2026-07-18,26495,Import Casegoods,4220768
17 ,2026-07-18,6160,Domestic Bedding,2092324
17 ,2026-07-18,32768,Import Casegoods,5555381
17 ,2026-07-18,4715,Import Bedding,879002
17 ,2026-07-18,8862,Domestic Casegoods,886571
17 ,2026-07-18,17065,Upholstery,4928074
17 ,2026-07-18,3769,Imported Upholstery,2124423
28 ,2026-07-18,10508,Upholstery,3073556
28 ,2026-07-18,4190,Domestic Bedding,1443455
28 ,2026-07-18,20281,Import Casegoods,3286413
28 ,2026-07-18,1930,Imported Upholstery,1189751
28 ,2026-07-18,4724,Domestic Casegoods,478884
28 ,2026-07-18,3589,Import Bedding,641133
335,2026-07-18,29422,Import Casegoods,5191413
335,2026-07-18,6062,Imported Upholstery,3316988
335,2026-07-18,13,Domestic Casegoods,1981
335,2026-07-18,463,Import Bedding,238854
335,2026-07-18,12233,Upholstery,3455793
42 ,2026-07-18,0,Upholstery,0
42 ,2026-07-18,0,Domestic Casegoods,0
42 ,2026-07-18,0,Import Casegoods,0
5  ,2026-07-18,6036,Import Bedding,1054888
5  ,2026-07-18,5629,Domestic Casegoods,576728
5  ,2026-07-18,59,Marketplace,0
5  ,2026-07-18,3248,Imported Upholstery,1975276
5  ,2026-07-18,30119,Import Casegoods,4617600
5  ,2026-07-18,7215,Domestic Bedding,2528224
5  ,2026-07-18,16219,Upholstery,4720786
ECR,2026-07-18,121,Marketplace,0
ECR,2026-07-18,10072,Domestic Casegoods,1007118
ECR,2026-07-18,31678,Upholstery,9221478
ECR,2026-07-18,4814,Import Bedding,816443
ECR,2026-07-18,7660,Domestic Bedding,2388120
ECR,2026-07-18,37191,Import Casegoods,6167036
ECR,2026-07-18,4481,Imported Upholstery,2642768
1  ,2026-07-25,4487,Import Bedding,805382
1  ,2026-07-25,33613,Import Casegoods,5193291
1  ,2026-07-25,16845,Domestic Casegoods,1700780
1  ,2026-07-25,22810,Upholstery,6441536
1  ,2026-07-25,3928,Imported Upholstery,2002278
1  ,2026-07-25,6855,Domestic Bedding,2295586
15 ,2026-07-25,15424,Upholstery,4397220
15 ,2026-07-25,79,Marketplace,0
15 ,2026-07-25,6261,Import Bedding,1121508
15 ,2026-07-25,2086,Imported Upholstery,1171418
15 ,2026-07-25,8567,Domestic Bedding,3089315
15 ,2026-07-25,7692,Domestic Casegoods,803408
15 ,2026-07-25,24678,Import Casegoods,3808323
17 ,2026-07-25,6881,Domestic Bedding,2401295
17 ,2026-07-25,4672,Import Bedding,904453
17 ,2026-07-25,16007,Upholstery,4643730
17 ,2026-07-25,32962,Import Casegoods,5510622
17 ,2026-07-25,3334,Imported Upholstery,1947004
17 ,2026-07-25,8457,Domestic Casegoods,849776
28 ,2026-07-25,1848,Imported Upholstery,1148796
28 ,2026-07-25,3747,Import Bedding,690058
28 ,2026-07-25,4738,Domestic Bedding,1674740
28 ,2026-07-25,9963,Upholstery,2917298
28 ,2026-07-25,17774,Import Casegoods,2825272
28 ,2026-07-25,4311,Domestic Casegoods,440812
335,2026-07-25,5602,Imported Upholstery,3099786
335,2026-07-25,12,Domestic Casegoods,1903
335,2026-07-25,408,Import Bedding,210590
335,2026-07-25,28420,Import Casegoods,5002244
335,2026-07-25,11299,Upholstery,3160984
42 ,2026-07-25,0,Domestic Casegoods,0
42 ,2026-07-25,0,Upholstery,0
42 ,2026-07-25,0,Import Casegoods,0
5  ,2026-07-25,27019,Import Casegoods,4117346
5  ,2026-07-25,15423,Upholstery,4484742
5  ,2026-07-25,5268,Domestic Casegoods,545046
5  ,2026-07-25,6192,Import Bedding,1115655
5  ,2026-07-25,8188,Domestic Bedding,2944636
5  ,2026-07-25,3128,Imported Upholstery,1902808
5  ,2026-07-25,54,Marketplace,0
ECR,2026-07-25,8165,Domestic Bedding,2631687
ECR,2026-07-25,30483,Upholstery,8857298
ECR,2026-07-25,9761,Domestic Casegoods,981446
ECR,2026-07-25,34052,Import Casegoods,5534208
ECR,2026-07-25,5165,Import Bedding,898687
ECR,2026-07-25,115,Marketplace,0
ECR,2026-07-25,4334,Imported Upholstery,2558174
1  ,2026-08-01,23146,Upholstery,6528952
1  ,2026-08-01,31972,Import Casegoods,4921494
1  ,2026-08-01,16975,Domestic Casegoods,1710696
1  ,2026-08-01,6953,Domestic Bedding,2346423
1  ,2026-08-01,4531,Import Bedding,819746
1  ,2026-08-01,3241,Imported Upholstery,1795938
15 ,2026-08-01,26225,Import Casegoods,4007732
15 ,2026-08-01,6443,Import Bedding,1175905
15 ,2026-08-01,7964,Domestic Casegoods,829410
15 ,2026-08-01,15625,Upholstery,4434180
15 ,2026-08-01,79,Marketplace,0
15 ,2026-08-01,2042,Imported Upholstery,1167982
15 ,2026-08-01,8649,Domestic Bedding,3105876
17 ,2026-08-01,5083,Import Bedding,960371
17 ,2026-08-01,35091,Import Casegoods,5559657
17 ,2026-08-01,8736,Domestic Casegoods,880338
17 ,2026-08-01,15776,Upholstery,4594886
17 ,2026-08-01,3399,Imported Upholstery,1991449
17 ,2026-08-01,7455,Domestic Bedding,2650353
28 ,2026-08-01,19137,Import Casegoods,2935191
28 ,2026-08-01,4453,Domestic Casegoods,455770
28 ,2026-08-01,10187,Upholstery,2982429
28 ,2026-08-01,3962,Import Bedding,692068
28 ,2026-08-01,1916,Imported Upholstery,1185829
28 ,2026-08-01,5183,Domestic Bedding,1865485
335,2026-08-01,6233,Imported Upholstery,3412695
335,2026-08-01,9,Domestic Casegoods,1508
335,2026-08-01,437,Import Bedding,223679
335,2026-08-01,12184,Upholstery,3421776
335,2026-08-01,28022,Import Casegoods,4972880
42 ,2026-08-01,0,Upholstery,0
42 ,2026-08-01,0,Domestic Casegoods,0
42 ,2026-08-01,0,Import Casegoods,0
5  ,2026-08-01,8345,Domestic Bedding,3022741
5  ,2026-08-01,3239,Imported Upholstery,1975018
5  ,2026-08-01,52,Marketplace,0
5  ,2026-08-01,6190,Import Bedding,1124954
5  ,2026-08-01,27898,Import Casegoods,4214594
5  ,2026-08-01,15594,Upholstery,4530815
5  ,2026-08-01,5407,Domestic Casegoods,557756
ECR,2026-08-01,105,Marketplace,0
ECR,2026-08-01,7842,Domestic Bedding,2581856
ECR,2026-08-01,35409,Import Casegoods,5647560
ECR,2026-08-01,4435,Imported Upholstery,2619122
ECR,2026-08-01,30928,Upholstery,8980692
ECR,2026-08-01,5471,Import Bedding,932404
ECR,2026-08-01,9993,Domestic Casegoods,1001988
1  ,2026-08-08,18021,Domestic Casegoods,1816323
1  ,2026-08-08,4466,Import Bedding,785146
1  ,2026-08-08,24636,Upholstery,6948870
1  ,2026-08-08,37102,Import Casegoods,5560758
1  ,2026-08-08,6854,Domestic Bedding,2273297
1  ,2026-08-08,3442,Imported Upholstery,1902585
15 ,2026-08-08,6249,Import Bedding,1125359
15 ,2026-08-08,16712,Upholstery,4746775
15 ,2026-08-08,2201,Imported Upholstery,1243558
15 ,2026-08-08,24809,Import Casegoods,3779256
15 ,2026-08-08,79,Marketplace,0
15 ,2026-08-08,8533,Domestic Casegoods,887227
15 ,2026-08-08,8386,Domestic Bedding,2967576
17 ,2026-08-08,16541,Upholstery,4813460
17 ,2026-08-08,6845,Domestic Bedding,2348842
17 ,2026-08-08,34827,Import Casegoods,5582787
17 ,2026-08-08,9281,Domestic Casegoods,934467
17 ,2026-08-08,4575,Import Bedding,891383
17 ,2026-08-08,3537,Imported Upholstery,2069857
28 ,2026-08-08,17252,Import Casegoods,2700279
28 ,2026-08-08,4576,Domestic Bedding,1595988
28 ,2026-08-08,2028,Imported Upholstery,1255958
28 ,2026-08-08,4849,Domestic Casegoods,491062
28 ,2026-08-08,3424,Import Bedding,619053
28 ,2026-08-08,10725,Upholstery,3138870
335,2026-08-08,12539,Upholstery,3513732
335,2026-08-08,6293,Imported Upholstery,3472050
335,2026-08-08,13,Domestic Casegoods,1981
335,2026-08-08,456,Import Bedding,229837
335,2026-08-08,29586,Import Casegoods,5276638
42 ,2026-08-08,0,Domestic Casegoods,0
42 ,2026-08-08,0,Import Casegoods,0
42 ,2026-08-08,0,Upholstery,0
5  ,2026-08-08,56,Marketplace,0
5  ,2026-08-08,5820,Import Bedding,1044699
5  ,2026-08-08,16474,Upholstery,4794132
5  ,2026-08-08,5805,Domestic Casegoods,597166
5  ,2026-08-08,28232,Import Casegoods,4309514
5  ,2026-08-08,7996,Domestic Bedding,2845625
5  ,2026-08-08,3658,Imported Upholstery,2187752
ECR,2026-08-08,10600,Domestic Casegoods,1063042
ECR,2026-08-08,7568,Domestic Bedding,2404054
ECR,2026-08-08,4671,Imported Upholstery,2768178
ECR,2026-08-08,118,Marketplace,0
ECR,2026-08-08,33167,Upholstery,9650090
ECR,2026-08-08,33198,Import Casegoods,5354021
ECR,2026-08-08,5201,Import Bedding,894714
1  ,2026-08-15,6827,Domestic Bedding,2276117
1  ,2026-08-15,4367,Import Bedding,771206
1  ,2026-08-15,17504,Domestic Casegoods,1762154
1  ,2026-08-15,35656,Import Casegoods,5286905
1  ,2026-08-15,23641,Upholstery,6673606
1  ,2026-08-15,3377,Imported Upholstery,1867869
15 ,2026-08-15,78,Marketplace,0
15 ,2026-08-15,15982,Upholstery,4546521
15 ,2026-08-15,2266,Imported Upholstery,1273268
15 ,2026-08-15,8303,Domestic Casegoods,862795
15 ,2026-08-15,6251,Import Bedding,1108722
15 ,2026-08-15,24194,Import Casegoods,3717040
15 ,2026-08-15,8372,Domestic Bedding,2973958
17 ,2026-08-15,6819,Domestic Bedding,2346517
17 ,2026-08-15,9031,Domestic Casegoods,906383
17 ,2026-08-15,31074,Import Casegoods,5004808
17 ,2026-08-15,3495,Imported Upholstery,2041027
17 ,2026-08-15,4582,Import Bedding,871144
17 ,2026-08-15,16269,Upholstery,4728872
28 ,2026-08-15,3729,Domestic Bedding,1359061
28 ,2026-08-15,10569,Upholstery,3092543
28 ,2026-08-15,3293,Import Bedding,605457
28 ,2026-08-15,4649,Domestic Casegoods,475473
28 ,2026-08-15,1989,Imported Upholstery,1229606
28 ,2026-08-15,16624,Import Casegoods,2640392
335,2026-08-15,28993,Import Casegoods,5153339
335,2026-08-15,465,Import Bedding,234538
335,2026-08-15,11,Domestic Casegoods,1646
335,2026-08-15,6155,Imported Upholstery,3412750
335,2026-08-15,12522,Upholstery,3542344
42 ,2026-08-15,0,Domestic Casegoods,0
42 ,2026-08-15,0,Import Casegoods,0
42 ,2026-08-15,0,Upholstery,0
5  ,2026-08-15,27429,Import Casegoods,4151932
5  ,2026-08-15,16005,Upholstery,4655569
5  ,2026-08-15,5567,Import Bedding,1015935
5  ,2026-08-15,53,Marketplace,0
5  ,2026-08-15,3329,Imported Upholstery,2025817
5  ,2026-08-15,7979,Domestic Bedding,2845617
5  ,2026-08-15,5654,Domestic Casegoods,580016
ECR,2026-08-15,31844,Upholstery,9222000
ECR,2026-08-15,4765,Imported Upholstery,2802674
ECR,2026-08-15,112,Marketplace,0
ECR,2026-08-15,10303,Domestic Casegoods,1031480
ECR,2026-08-15,5181,Import Bedding,894908
ECR,2026-08-15,7499,Domestic Bedding,2403971
ECR,2026-08-15,32764,Import Casegoods,5337052
1  ,2026-08-22,31835,Import Casegoods,4733287
1  ,2026-08-22,3683,Imported Upholstery,2007322
1  ,2026-08-22,7330,Domestic Bedding,2479408
1  ,2026-08-22,17481,Domestic Casegoods,1761674
1  ,2026-08-22,4517,Import Bedding,814501
1  ,2026-08-22,23604,Upholstery,6664086
15 ,2026-08-22,6573,Import Bedding,1180809
15 ,2026-08-22,2105,Imported Upholstery,1198347
15 ,2026-08-22,23773,Import Casegoods,3623182
15 ,2026-08-22,16006,Upholstery,4552444
15 ,2026-08-22,80,Marketplace,0
15 ,2026-08-22,8229,Domestic Casegoods,857036
15 ,2026-08-22,9112,Domestic Bedding,3274050
17 ,2026-08-22,16009,Upholstery,4663080
17 ,2026-08-22,8992,Domestic Casegoods,906428
17 ,2026-08-22,4965,Import Bedding,928252
17 ,2026-08-22,30802,Import Casegoods,4957708
17 ,2026-08-22,3755,Imported Upholstery,2161125
17 ,2026-08-22,7371,Domestic Bedding,2570871
28 ,2026-08-22,10335,Upholstery,3027591
28 ,2026-08-22,2080,Imported Upholstery,1270552
28 ,2026-08-22,16610,Import Casegoods,2573842
28 ,2026-08-22,3523,Import Bedding,657437
28 ,2026-08-22,6010,Domestic Bedding,2092106
28 ,2026-08-22,4572,Domestic Casegoods,467696
335,2026-08-22,12031,Upholstery,3379910
335,2026-08-22,10,Domestic Casegoods,1675
335,2026-08-22,5977,Imported Upholstery,3307609
335,2026-08-22,441,Import Bedding,224806
335,2026-08-22,28604,Import Casegoods,5090962
42 ,2026-08-22,0,Domestic Casegoods,0
42 ,2026-08-22,0,Upholstery,0
42 ,2026-08-22,0,Import Casegoods,0
5  ,2026-08-22,8673,Domestic Bedding,3129132
5  ,2026-08-22,6066,Import Bedding,1112512
5  ,2026-08-22,27253,Import Casegoods,4135270
5  ,2026-08-22,55,Marketplace,0
5  ,2026-08-22,15997,Upholstery,4647246
5  ,2026-08-22,5562,Domestic Casegoods,574761
5  ,2026-08-22,3458,Imported Upholstery,2087650
ECR,2026-08-22,5576,Import Bedding,968868
ECR,2026-08-22,31592,Upholstery,9143595
ECR,2026-08-22,4767,Imported Upholstery,2764252
ECR,2026-08-22,32127,Import Casegoods,5205348
ECR,2026-08-22,10298,Domestic Casegoods,1032902
ECR,2026-08-22,7934,Domestic Bedding,2580461
ECR,2026-08-22,109,Marketplace,0
1  ,2026-08-29,7777,Domestic Bedding,2727427
1  ,2026-08-29,16662,Domestic Casegoods,1691238
1  ,2026-08-29,5169,Import Bedding,953557
1  ,2026-08-29,3509,Imported Upholstery,1941356
1  ,2026-08-29,24645,Upholstery,6924900
1  ,2026-08-29,33401,Import Casegoods,4936273
15 ,2026-08-29,7710,Import Bedding,1406794
15 ,2026-08-29,2242,Imported Upholstery,1276189
15 ,2026-08-29,16735,Upholstery,4739238
15 ,2026-08-29,10180,Domestic Bedding,3805302
15 ,2026-08-29,24856,Import Casegoods,3715809
15 ,2026-08-29,89,Marketplace,0
15 ,2026-08-29,7976,Domestic Casegoods,837676
17 ,2026-08-29,8712,Domestic Casegoods,883126
17 ,2026-08-29,32229,Import Casegoods,5189400
17 ,2026-08-29,16885,Upholstery,4905108
17 ,2026-08-29,7849,Domestic Bedding,2849663
17 ,2026-08-29,5669,Import Bedding,1086968
17 ,2026-08-29,3711,Imported Upholstery,2158354
28 ,2026-08-29,6062,Domestic Bedding,2142666
28 ,2026-08-29,2177,Imported Upholstery,1331634
28 ,2026-08-29,10508,Upholstery,3067002
28 ,2026-08-29,4445,Domestic Casegoods,458278
28 ,2026-08-29,4208,Import Bedding,792644
28 ,2026-08-29,16953,Import Casegoods,2650842
335,2026-08-29,29947,Import Casegoods,5271396
335,2026-08-29,483,Import Bedding,243664
335,2026-08-29,12,Domestic Casegoods,1903
335,2026-08-29,6718,Imported Upholstery,3712472
335,2026-08-29,12876,Upholstery,3612698
42 ,2026-08-29,0,Import Casegoods,0
42 ,2026-08-29,0,Upholstery,0
42 ,2026-08-29,0,Domestic Casegoods,0
5  ,2026-08-29,3493,Imported Upholstery,2117406
5  ,2026-08-29,60,Marketplace,0
5  ,2026-08-29,28452,Import Casegoods,4267719
5  ,2026-08-29,9523,Domestic Bedding,3569413
5  ,2026-08-29,5426,Domestic Casegoods,563326
5  ,2026-08-29,7192,Import Bedding,1328582
5  ,2026-08-29,16606,Upholstery,4814627
ECR,2026-08-29,6222,Import Bedding,1101486
ECR,2026-08-29,33291,Import Casegoods,5206963
ECR,2026-08-29,9915,Domestic Casegoods,1000992
ECR,2026-08-29,128,Marketplace,0
ECR,2026-08-29,4842,Imported Upholstery,2836666
ECR,2026-08-29,32572,Upholstery,9397747
ECR,2026-08-29,8532,Domestic Bedding,2854117
