Unnamed: 0,Unnamed: 1,Unnamed: 2,Unnamed: 3,Unnamed: 4,Unnamed: 5,Unnamed: 6,Unnamed: 7,Unnamed: 8,Unnamed: 9,Unnamed: 10,Unnamed: 11,Unnamed: 12,Unnamed: 13,Unnamed: 14,Unnamed: 15,Unnamed: 16,Unnamed: 17,Unnamed: 18,Unnamed: 19,Unnamed: 20,Unnamed: 21,Unnamed: 22,Unnamed: 23,Unnamed: 24,Unnamed: 25,Unnamed: 26,Unnamed: 27,Unnamed: 28,Unnamed: 29,Unnamed: 30,Unnamed: 31
,,,40 Hour Capacity,,,,,,,,,,,,,,,,,,,,,,,,,,,,
,,,ECR,,HC (+/-),,,HC % to Staffed,,,,RKD,,HC (+/-),,,HC % to Staffed,,,,MSQ,,HC (+/-),,,HC % to Staffed,,,,,
,,,,,1 to 4,5 to 8,9 to 12,1 to 4,5 to 8,9 to 12,,,,1 to 4,5 to 8,9 to 12,1 to 4,5 to 8,9 to 12,,,,1 to 4,5 to 8,9 to 12,1 to 4,5 to 8,9 to 12,,,
,,,,Shipping,5.316353633086702,-6.403070836473248,-15.079767267267268,0.9680346910153214,1.0414178397405316,1.103342538487362,,,Shipping,8.99919010442316,-4.4910246911621226,-7.457215746398967,0.9604191634950914,1.0522286396581146,1.132371282129012,,,Shipping,-10.194726166328602,-9.720262096774194,-15.896761133603238,0.9404772651722171,1.0825170648567741,1.2188002952013444,,,
,,,,Ecomm,2.4482142857142857,0.649702380952381,4.199404761904762,0.8033280734471381,0.9389933767431462,0.7042548731922028,,,Ecomm,1.4625,0.5380859375,2.413671875,0.6713018460800767,0.8850023705420639,0.5435134260757036,,,Ecomm,5.05472972972973,3.120945945945946,5.3510135135135135,0.6713018460800767,0.8850023705420639,0.5435134260757036,,,
,,,,CR-R,-7.6184107515657615,-5.205988023952096,9.670958083832335,1.108244369485238,1.0715167069739895,0.88969028860635,,,CR-R,0.5856250000000001,-6.885714285714286,-10.631845238095238,1.1482712166556412,1.0967763480119328,0.8591696059923004,,,CR-R,-10.1175,-2.143125,4.2653125,1.2352698224017569,1.149623102605583,0.8052995461148517,,,
,,,,UPH-R,0.326251078515962,-1.906142611683849,3.67321735395189,0.988060891427128,1.075960526203172,0.8802467536559663,,,UPH-R,-7.388104838709677,-6.33820564516129,-9.084173387096774,0.9895853775257611,1.0655170122765962,0.8940618254010041,,,UPH-R,-6.22161525278492,-3.8673885077186965,2.9127358490566038,0.9865885179979872,1.0862747766576908,0.8672645357072175,,,
,,,,UPH-LC,0.2524373259052925,8.355965645311048,15.747803975959318,0.9961897654472165,0.8876221218729075,0.8073611374246764,,,UPH-LC,1.136607142857143,5.7,6.971428571428571,0.9926300915901721,0.8027204546513254,0.6834472535999888,,,UPH-LC,-1.34375,-1.5625,-10.45,0.9775659869418573,0.5683002440472265,0.4112487144696701,,,
,,,,DOM-LC,0,0,0,0,0,0,,,DOM-LC,-2.7969460227272727,0.2930397727272727,0.4578125,1,1,1,,,DOM-LC,0,0,0,0,0,0,,,
,,,,OB Trans,2.866495449798245,6.420836487730756,7.671199705933978,0.8071841840951731,0.6514362150705061,0.6100288838194298,,,OB Trans,1.0927707683400338,-5.511954970224787,-1.6807630169944154,0.884724590339428,0.7740799609996482,0.7414597393444861,,,OB Trans,-0.17974019722940018,1.3275747723033142,-1.082141609947686,0.5113785607901857,0.31844306011542134,0.28113052727630783,,,
,,,,Total,3.591341021454725,1.9113030418849926,25.88281661431502,0.9887977603823853,0.9940067880201977,0.9245141040607212,,,Total,3.091642154183388,-16.695773882035212,-19.011084442156825,0.9874878724054365,1.0734512251143564,1.0844978713507742,,,Total,-23.002601886613192,-12.844754886243628,-14.899840880980804,1.2000271507354692,1.1026305759264723,1.1210383559827484,,,
,,,,,,,6.470704153578755,,,,,,,,-4.173943470508803,,,,,,,,,-3.211188721560907,-3.724960220245201,,,,,,
,,,,,,,,,,,,,,,,,,,,,,,,,,,,,,,
,,,ADV,,HC (+/-),,,HC % to Staffed,,,,LPT,,HC (+/-),,,HC % to Staffed,,,,RED,,HC (+/-),,,HC % to Staffed,,,,,
,,,,,1 to 4,5 to 8,9 to 12,1 to 4,5 to 8,9 to 12,,,,1 to 4,5 to 8,9 to 12,1 to 4,5 to 8,9 to 12,,,,1 to 4,5 to 8,9 to 12,1 to 4,5 to 8,9 to 12,,,
,,,,Shipping,7.642737195633922,7.029454773344474,5.625129372800663,0.9419433433363205,0.9463521023917556,0.9566046383134335,,,Shipping,-25.960824742268038,-20.183266932270918,-30.49950980392157,0.9376829205675458,0.9423954258715581,0.953366853142053,,,Shipping,2.081204379562044,-4.840328467153285,-13.905109489051096,0.9401239948034008,0.9446627966254996,0.955222896876725,,,
,,,,Ecomm,3.574025596276905,1.047847585805701,4.645142524723676,0.7843598360871511,0.9254086735063617,0.7367466701833049,,,Ecomm,8.386875,5.869375,12.7634375,0.8174097822291239,0.9385349041553988,0.7750007044436306,,,Ecomm,8.892942822870852,7.712415033986405,12.24810075969612,0.5831566448986516,0.8267404112059638,0.5183956574185766,,,
,,,,CR-R,4.606707317073171,3.5664634146341463,0.008231707317073171,0.9286961445896843,0.9438939462249039,0.9998628236979683,,,CR-R,-25.368546195652176,-21.421195652173914,-17.422554347826086,0.9502551440329218,0.961050549713989,0.9999064666207083,,,CR-R,-14.774690199023658,-10.911225818452381,-6.653413318452381,0.9308371858836453,0.94560537157418,0.9998672481525368,,,
,,,,UPH-R,-2.6614238410596025,-3.6304267844002944,-1.1768763796909494,1.130855956693394,1.1874293637753697,1.0539279527608836,,,UPH-R,-1.0264631502890174,-0.3003070809248555,1.347543352601156,1.2347229320289113,1.3501037804466993,1.091777667792817,,,UPH-R,-15.019786489968709,-8.752297794117649,-24.458639705882355,1.0448514948173155,1.0621972473739114,1.0193491604778087,,,
,,,,UPH-LC,3.9228260869565217,1.4619565217391304,5.997826086956522,0.8595118533224337,0.9425827107790822,0.8000579752155953,,,UPH-LC,2.0584415584415585,-1.1641509433962265,6.604064039408868,0.880847832546469,0.952007136485281,0.8286228958320393,,,UPH-LC,0,0,0,0,0,0,,,
,,,,DOM-LC,0,0,0,0,0,0,,,DOM-LC,0,0,0,0,0,0,,,DOM-LC,0,0,0,0,0,0,,,
,,,,OB Trans,0.10500464677331227,5.4026087055053384,3.757092347697499,0.974420334248379,0.4254138532488279,0.5156571329445757,,,OB Trans,-1.7407475702855293,-2.897109596737642,-3.1291808202888833,0.9925555042764674,0.7215524578417958,0.788417367318323,,,OB Trans,0.8305798045342675,0.5130468180568009,-2.2923590329131844,0.990544385156667,0.6706250327307987,0.7454042938015695,,,
,,,,Total,17.18987700165423,14.877904216628497,18.856545659804482,0.9249972240199328,0.9344233001975251,0.9183192072552626,,,Total,-43.6512651000532,-40.09665520550356,-30.33620008002651,1.2157229454468148,1.1947353271289614,1.1406643121900077,,,Total,-17.989749682025206,-16.27839022768011,-35.061420786602895,1.1027925487183736,1.092113184395799,1.221994024267054,,,
,,,,,4.297469250413558,3.7194760541571243,,,,,,,,,-10.02416380137589,,,,,,,,,,,,,,,,
,,,,,,,,,,,,,,,,,,,,,,,,,,,,,,-60.770756491399254,-54.569183915647535
,,,,,,,,,,,,,,,,,,,,,,,,,,,,,,,
,,,,,,,,,,,,,,,,,,,,,,,,,,,,,,,
,,,,,,,,,,,,,,,,,,,,,,,,,,,,,,,
,,,45 Hour Capacity,,,,,,,,,,,,,,,,,,,,,,,,,,,,
,,,ECR,,HC (+/-),,,HC % to Staffed,,,,RKD,,HC (+/-),,,HC % to Staffed,,,,MSQ,,HC (+/-),,,HC % to Staffed,,,,,
,,,,,1 to 4,5 to 8,9 to 12,1 to 4,5 to 8,9 to 12,,,,1 to 4,5 to 8,9 to 12,1 to 4,5 to 8,9 to 12,,,,1 to 4,5 to 8,9 to 12,1 to 4,5 to 8,9 to 12,,,
,,,,Shipping,-12.966230316827927,-24.558214016578752,-33.166760510510514,1.0875896786562875,1.1799904174485283,1.259453336573212,,,Shipping,-6.443474313789319,-19.804569841663795,-22.71971574639897,1.1117453164904663,1.2351378213742634,1.3460882746653688,,,Shipping,-19.72971602434077,-19.19758064516129,-25.41244939271255,1.1825361426637004,1.4131473106045,1.6524620670175512,,,
,,,,Ecomm,1.2389880952380952,-0.5595238095238095,2.9901785714285714,0.8897598178110849,1.059268600252207,0.7698123582376796,,,Ecomm,0.85,-0.0744140625,1.801171875,0.8014120116395553,1.1260053619302948,0.6257682422617052,,,Ecomm,4.4614864864864865,2.527702702702703,4.75777027027027,0.8014120116395553,1.1260053619302948,0.6257682422617052,,,
,,,,CR-R,-16.506067327766182,-13.963834313602803,1.5134730538922156,1.2684178196204245,1.2180616869221614,0.9809658288619034,,,CR-R,-6.425937500000001,-13.726807228915664,-17.30952380952381,1.3884335077923136,1.3100582409887631,0.9749894861836084,,,CR-R,-14.617500000000001,-6.643125,-0.2346875,1.7025672354664485,1.5363245295715076,0.9635426057480798,,,
,,,,UPH-R,-3.1605910267471957,-5.401207937877481,0.20135309278350516,1.1325784137640869,1.2500699077218071,0.9925976810015041,,,UPH-R,-10.972782258064516,-9.922883064516128,-12.668850806451612,1.113529386697246,1.2109946408709427,0.9935466551022726,,,UPH-R,-8.837832047986291,-6.485849056603773,0.2942753001715266,1.1516641393622913,1.2904063833735386,0.9916800894556781,,,
,,,,UPH-LC,-8.01648096564531,0.08704735376044569,7.513291724456773,1.1382544747050558,0.998682837904764,0.8977968262852632,,,UPH-LC,-3.0910714285714285,1.4723214285714286,2.74375,1.3085217577744623,0.9974463216817504,0.8190147923145671,,,UPH-LC,-2.65,-2.86875,-11.75625,3.686921341321092,0.9921487343759815,0.5941677019796849,,,
,,,,DOM-LC,0,0,0,0,0,0,,,DOM-LC,-4.4057528409090905,-1.3157670454545456,-1.150994318181818,1,1,1,,,DOM-LC,0,0,0,0,0,0,,,
,,,,OB Trans,1.4695889962754505,5.023930034207961,6.274293252411183,0.8908957803625771,0.7048901150255638,0.65666014188629,,,OB Trans,-1.6959197078504424,-8.300645446415263,-4.42052909886576,0.9373832666388546,0.81409328591924,0.778091951003015,,,OB Trans,-0.5172401972294002,0.9900747723033142,-1.419641609947686,0.6712026547630952,0.37388162499053107,0.3234747832909039,,,
,,,,Total,-37.94079254547307,-39.37180268961444,-14.674170815538261,1.135959651328314,1.1418148555191503,1.048537602146408,,,Total,-32.1849380491848,-51.67276526089397,-53.724691904421974,1.1519482975042556,1.2686710768289715,1.2823524105263058,,,Total,-41.890801783069975,-31.677527226759043,-33.77098293221844,1.4358667282658772,1.297938210055735,1.3240074969742515,,,
,,,,,,,,,,,,,,,,,,,,,,,,,,,,,,,
,,,,,,,,,,,,,,,,,,,,,,,,,,,,,,,
,,,ADV,,HC (+/-),,,HC % to Staffed,,,,LPT,,HC (+/-),,,HC % to Staffed,,,,RED,,HC (+/-),,,HC % to Staffed,,,,,
,,,,,1 to 4,5 to 8,9 to 12,1 to 4,5 to 8,9 to 12,,,,1 to 4,5 to 8,9 to 12,1 to 4,5 to 8,9 to 12,,,,1 to 4,5 to 8,9 to 12,1 to 4,5 to 8,9 to 12,,,
,,,,Shipping,-6.000209907640639,-6.54794234384792,-7.828606913682466,1.050849326960194,1.0557499159616037,1.0673884224480776,,,Shipping,-38.40773195876289,-32.20866533864542,-42.33627450980392,1.0550479033267537,1.0603763772247476,1.0730475427092487,,,Shipping,-10.267791970802921,-17.189324817518248,-26.25410583941606,1.0526335171562986,1.0577155009712849,1.069791474441779,,,
,,,,Ecomm,2.1331442699243746,-0.3930337405468295,3.204261198371146,0.8590415691626103,1.031175917540996,0.8022581122863387,,,Ecomm,6.701874999999999,4.184375,11.0784375,0.8823621409408622,1.0251832248505548,0.8331484265251026,,,Ecomm,8.328668532586963,7.148140743702518,11.683826469412235,0.7009531576532954,1.0853129192644622,0.6094393972966984,,,
,,,,CR-R,-1.8554878048780488,-2.895731707317073,-6.453963414634147,1.0319116582946193,1.050709549284044,1.120531113527794,,,CR-R,-34.75577445652174,-30.80842391304348,-26.809782608695656,1.0215392455955323,1.0340256930164575,1.0791450288068614,,,CR-R,-21.82148892226812,-17.89248511904762,-13.63467261904762,1.030850492208806,1.0489936140140925,1.1161912498421986,,,
,,,,UPH-R,-4.946192052980132,-5.915194996320824,-3.461644591611479,1.2739694621486541,1.3462254907238917,1.1771717485559337,,,UPH-R,-2.3613619942196533,-1.6352059248554913,0.012644508670520232,1.5463106884886166,1.7316434958702134,1.328480532062528,,,UPH-R,-21.524940180379165,-15.249080882352942,-30.955422794117645,1.0866934606288359,1.105468762812544,1.0591346403133737,,,
,,,,UPH-LC,1.1722826086956522,-1.2885869565217392,3.2472826086956523,0.9534296262711315,1.056737418937998,0.8808217811907849,,,UPH-LC,-1.4863636363636363,-4.59748427672956,3.2426108374384244,0.9611470360430138,1.0465002255388418,0.8993005814443413,,,UPH-LC,0,0,0,0,0,0,,,
,,,,DOM-LC,0,0,0,0,0,0,,,DOM-LC,0,0,0,0,0,0,,,DOM-LC,0,0,0,0,0,0,,,
,,,,OB Trans,-0.33835099376206057,4.959253064969966,3.2983643113515724,1.0924039942620525,0.4464657902833119,0.5480680094002113,,,OB Trans,-3.188860777832699,-4.345222804284811,-4.577294027836054,1.0247664826996776,0.738425714980675,0.8093250753663968,,,OB Trans,-0.363810911133044,-0.6813438976105106,-3.4867497485804946,1.0317353341461624,0.6892553150964589,0.7693187668513259,,,
,,,,Total,-9.834813880640853,-12.08123667958442,-7.994306801509722,1.04864741585544,1.060430729356911,1.0391866848232099,,,Total,-73.49821782370061,-69.41062725755876,-59.389658300226685,1.4260722231181606,1.3930623127519424,1.31825491427359,,,Total,-45.64936345199629,-43.8640939728268,-62.64712453174958,1.3098009246612565,1.2941216179344133,1.4805964142080494,,,
,,,,,,,,,,,,,,,,,,,,,,,,,,,,,,,
,,,,,,,,,,,,,,,,,,,,,,,,,,,,,,-240.9989275340656,-232.20093528566463
,,,,,,,,,,,,,,,,,,,,,,,,,,,,,,,
,,,,,,,,,,,,,,,,,,,,,,,,,,,,,,,
,,,,,,,,,,,,,,,,,,,,,,,,,,,,,,,
,,,File HC vs Human Capital Metrics HC,,,,,,,,,,,,,,,,,,,,,,,,,,,,
,,,ECR,,,HCM,,,,,,RKD,,,HCM,,,,,,MSQ,,,HCM,,,,,,,
,,,,,File,PBI,(+/-),,,,,,,File,PBI,(+/-),,,,,,,File,PBI,(+/-),,,,,,
,,,,Shipping,161,198,-37,,,,,,Shipping,129,150,-21,,,,,,Shipping,84,79,5,,,,,,
,,,,Ecomm,10,13,-3,,,,,,Ecomm,5,3,2,,,,,,Ecomm,5,5,0,,,,,,
,,,,CR-R,78,91,-13,,,,,,CR-R,59,64,-5,,,,,,CR-R,40,36,4,,,,,,
,,,,UPH-R,27,27,0,,,,,,UPH-R,31,27,4,,,,,,UPH-R,24,20,4,,,,,,
,,,,UPH-LC,66,76,-10,,,,,,UPH-LC,34,38,-4,,,,,,UPH-LC,11,13,-2,,,,,,
,,,,DOM-LC,0,0,0,,,,,,DOM-LC,13,15,-2,,,,,,DOM-LC,0,0,0,,,,,,
,,,,OB Trans,12,16,-4,,,,,,OB Trans,22,19,3,,,,,,OB Trans,3,3,0,,,,,,
,,,,Total,354,421,-67,,,,,,Total,293,316,-23,,,,,,Total,167,156,11,,,,,,
,,,,,,,,,,,,,,,,,,,,,,,,,,,,,,,
,,,,,,,,,,,,,,,,,,,,,,,,,,,,,,,
,,,ADV,,,HCM,,,,,,LPT,,,HCM,,,,,,RED,,,HCM,,,,,,,
,,,,,File,PBI,(+/-),,,,,,,File,PBI,(+/-),,,,,,,File,PBI,(+/-),,,,,,
,,,,Shipping,124,139,-15,,,,,,Shipping,115,125,-10,,,,,,Shipping,120,147,-27,16,,,,,
,,,,Ecomm,13,11,2,,,,,,Ecomm,16,17,-1,,,,,,Ecomm,5,10,-5,0,,,,,
,,,,CR-R,60,56,4,,,,,,CR-R,88,95,-7,,,,,,CR-R,62,69,-7,3,,,,,
,,,,UPH-R,23,20,3,,,,,,UPH-R,14,19,-5,,,,,,UPH-R,62,55,7,3,,,,,
,,,,UPH-LC,24,33,-9,,,,,,UPH-LC,29,27,2,,,,,,UPH-LC,0,0,0,,,,,,
,,,,DOM-LC,0,0,0,,,,,,DOM-LC,0,0,0,,,,,,DOM-LC,0,0,0,,,,,,
,,,,OB Trans,4,4,0,,,,,,OB Trans,14,11,3,,,,,,OB Trans,11,11,0,,,,,,
,,,,Total,248,263,-15,,,,,,Total,276,294,-18,,,,,,Total,260,292,-32,,,,,,
,,,,,,,,,,,,,,,,,,,,,,,,,,,,,,,
,,,,,,,,,,,,,,,,,,,,,,,,,,,,,,,
,,,,,,,,,,,,,,,,,,,,,,,,,,,,,,,
,,,,,,,,,,,,,,,,,,,,,,,,,,,,,,,
,,,,,,,,,,,,,,,,,,,,,,,,,,,,,,,
,,,Self Reported Terms & Hires vs HCM BI Terms & Hires,,,,,,,,,,,,,,,,,,,,,,,,,,,,
,,,ECR,,12 Wk Ave,12 Wk Ave,YTD Ave,YTD Ave,(=/-),(+/-),,RKD,,12 Wk Ave,12 Wk Ave,YTD Ave,YTD Ave,(=/-),(+/-),,MSQ,,12 Wk Ave,12 Wk Ave,YTD Ave,YTD Ave,(=/-),(+/-),,,
,,,,,Terms,Hires,Terms HCM,Hires HCM,Terms,Hires,,,,Terms,Hires,Terms HCM,Hires HCM,Terms,Hires,,,,Terms,Hires,Terms HCM,Hires HCM,Terms,Hires,,,
,,,,Shipping,6,5.666666666666667,6.264,5.47,-0.26400000000000023,0.1966666666666672,,,Shipping,1,2.25,2.058,1.97,-1.0579999999999998,0.28,,,Shipping,0.08333333333333333,0.16666666666666666,3.147,2.593,-3.0636666666666663,-2.4263333333333335,,,
,,,,Ecomm,0.16666666666666666,0.5,0.264,0.294,-0.09733333333333336,0.20600000000000002,,,Ecomm,0,0,0.088,0.147,-0.088,-0.147,,,Ecomm,0,0,0.147,0.09375,-0.147,-0.09375,,,
,,,,CR-R,3,4.166666666666667,2.353,1.824,0.6469999999999998,2.342666666666667,,,CR-R,0,0.25,0.7058,0.705,-0.7058,-0.45499999999999996,,,CR-R,0,0,0.9701,0.705,-0.9701,-0.705,,,
,,,,UPH-R,0.9166666666666666,1.9166666666666667,0.794,0.97,0.12266666666666659,0.9466666666666668,,,UPH-R,0,0.08333333333333333,0.588,0.647,-0.588,-0.5636666666666666,,,UPH-R,0,0,0.471,0.529,-0.471,-0.529,,,
,,,,UPH-LC,1.8333333333333333,3,2.264,2.088,-0.43066666666666653,0.9119999999999999,,,UPH-LC,0.75,1.0833333333333333,0.588,0.676,0.16200000000000003,0.4073333333333332,,,UPH-LC,0,0,0.382,0.235,-0.382,-0.235,,,
,,,,DOM-LC,0,0,0,0,0,0,,,DOM-LC,0,0,0.088,0,-0.088,0,,,DOM-LC,0,0,0,0,0,0,,,
,,,,OB Trans,0,1.25,0.147,0,-0.147,1.25,,,OB Trans,0.3333333333333333,0.5,0.4411,0.47,-0.10776666666666668,0.030000000000000027,,,OB Trans,0,0,0.0294,0.029,-0.0294,-0.029,,,
,,,,Total,11.916666666666668,16.5,12.086,10.646,-0.16933333333333245,5.853999999999999,,,Total,2.0833333333333335,4.166666666666667,4.5569,4.615,-2.4735666666666662,-0.44833333333333325,,,Total,0.08333333333333333,0.16666666666666666,5.146499999999999,4.18475,-5.063166666666666,-4.018083333333333,,,
,,,,,,101.8040374869121,,,,,,,,,12.492723196157865,,,,,,,,,-3.0582935535785345,,,,,,,
,,,,,,,,,,,,,,,,,,,,,,,,,,,,,,,
,,,ADV,,12 Wk Ave,12 Wk Ave,YTD Ave,YTD Ave,(=/-),(+/-),,LPT,,12 Wk Ave,12 Wk Ave,YTD Ave,YTD Ave,(=/-),(+/-),,RED,,12 Wk Ave,12 Wk Ave,YTD Ave,YTD Ave,(=/-),(+/-),,,
,,,,,Terms,Hires,Terms HCM,Hires HCM,Terms,Hires,,,,Terms,Hires,Terms HCM,Hires HCM,Terms,Hires,,,,Terms,Hires,Terms HCM,Hires HCM,Terms,Hires,,,
,,,,Shipping,4.75,3.3333333333333335,6.971,7.382,-2.221,-4.048666666666666,,,Shipping,0.9166666666666666,1,1.323,1.323,-0.4063333333333333,-0.32299999999999995,,,Shipping,0.08333333333333333,0.8333333333333334,5.352,7.411,-5.268666666666667,-6.5776666666666666,,,
,,,,Ecomm,0.25,0.3333333333333333,0.323,0.441,-0.07300000000000001,-0.10766666666666669,,,Ecomm,0.16666666666666666,0.08333333333333333,0.117,0.264,0.04966666666666665,-0.1806666666666667,,,Ecomm,0,0,0.411,0.559,-0.411,-0.559,,,
,,,,CR-R,2,2.3333333333333335,1.617,2.382,0.383,-0.048666666666666636,,,CR-R,0.9166666666666666,0.9166666666666666,1.088,0.794,-0.17133333333333345,0.12266666666666659,,,CR-R,0,0,1.971,1.647,-1.971,-1.647,,,
,,,,UPH-R,0.25,0,0.4117,0.264,-0.1617,-0.264,,,UPH-R,0.25,0.5,0.617,0.764,-0.367,-0.264,,,UPH-R,0,0,1.235,1.147,-1.235,-1.147,,,
,,,,UPH-LC,0.08333333333333333,0.4166666666666667,1.235,1.558,-1.1516666666666668,-1.1413333333333333,,,UPH-LC,0.3333333333333333,0.75,0.794,1.117,-0.4606666666666667,-0.367,,,UPH-LC,0,0,0,0,0,0,,,
,,,,DOM-LC,0,0,0,0,0,0,,,DOM-LC,0,0,0,0,0,0,,,DOM-LC,0,0,0,0,0,0,,,
,,,,OB Trans,0.08333333333333333,0.16666666666666666,0.235,0.323,-0.15166666666666667,-0.15633333333333335,,,OB Trans,0.16666666666666666,0,0.176,0.147,-0.009333333333333332,-0.147,,,OB Trans,0,0,0.294,0.4117,-0.294,-0.4117,,,
,,,,Total,7.416666666666666,6.583333333333334,10.7927,12.35,-3.376033333333334,-5.766666666666666,,,Total,2.75,3.25,4.115,4.409000000000001,-1.3650000000000002,-1.1590000000000007,,,Total,0.08333333333333333,0.8333333333333334,9.263,11.175699999999999,-9.179666666666666,-10.342366666666665,,,
,,,,,,63.052809387490456,,,,,,,,,11.97583619862411,,,,,,,,,0.6666666666666666,,,,,,,
,,,,,,,,,,,,,,,,,,,,,,,,,,,,,,,
,,,,,,,,,,,,,,,,,,,,,,,,,,,,,,,
,,,,,,,,,,,,,,,,,,,,,,,,,,,,,,,
,,,,,,,,,,,,,,,,,,,,,,,,,,,,,,,
,,,Absenteeism Self Reported vs PBI,,,,,,,,,,,,,,,,,,,,,,,,,,,,
,,,ECR,,,5 Wk Ave,,,,,,RKD,,,5 Wk Ave,,,,,,MSQ,,,5 Wk Ave,,,,,,,
,,,,,File,PBI,(+/-),,,,,,,File,PBI,(+/-),,,,,,,File,PBI,(+/-),,,,,,
,,,,Shipping,0.1,0.104,-0.00399999999999999,,,,,,Shipping,0.0479,0.0982,-0.0503,,,,,,Shipping,0.1,0.0802,0.019800000000000012,,,,,,
,,,,Ecomm,0.1,0.1338,-0.0338,,,,,,Ecomm,0.02,0.3542,-0.3342,,,,,,Ecomm,0.05,0.0313,0.0187,,,,,,
,,,,CR-R,0.1,0.1031,-0.0030999999999999917,,,,,,CR-R,0.069,0.169,-0.1,,,,,,CR-R,0.1,0.0796,0.0204,,,,,,
,,,,UPH-R,0.1145,0.1118,0.002700000000000008,,,,,,UPH-R,0.05,0.0984,-0.0484,,,,,,UPH-R,0.1,0.0416,0.05840000000000001,,,,,,
,,,,UPH-LC,0.1,0.1492,-0.049199999999999994,,,,,,UPH-LC,0.0824,0.1027,-0.0203,,,,,,UPH-LC,0.05,,0.05,,,,,,
,,,,DOM-LC,0,0,0,,,,,,DOM-LC,0.01,0.1241,-0.11410000000000001,,,,,,DOM-LC,0,0,0,,,,,,
,,,,OB Trans,0.1563,0.0842,0.0721,,,,,,OB Trans,0.03,0.0609,-0.030900000000000004,,,,,,OB Trans,0.1,0.02,0.08,,,,,,
,,,,Total,0.09582857142857144,0.1148,-0.018971428571428556,,,,,,Total,0.044185714285714286,0.14392857142857143,-0.09974285714285715,,,,,,Total,0.07142857142857142,0.0718,-0.0003714285714285781,,,,,,
,,,,,,,,,,,,,,,,,,,,,,,,,,,,,,,
,,,,,,,,,,,,,,,,,,,,,,,,,,,,,,,
,,,ADV,,,5 Wk Ave,,,,,,LPT,,,5 Wk Ave,,,,,,RED,,,5 Wk Ave,,,,,,,
,,,,,File,PBI,(+/-),,,,,,,File,PBI,(+/-),,,,,,,File,PBI,(+/-),,,,,,
,,,,Shipping,0.1496,0.1205,0.029100000000000015,,,,,,Shipping,0.1153,0.0902,0.025099999999999997,,,,,,Shipping,0.0643,0.2603,-0.19599999999999998,,,,,,
,,,,Ecomm,0.13,0.3529,-0.2229,,,,,,Ecomm,0.1577,0.1323,0.025400000000000006,,,,,,Ecomm,0.09,0.068,0.021999999999999992,,,,,,
,,,,CR-R,0.13,0.1016,0.02840000000000001,,,,,,CR-R,0.116,0.1474,-0.0314,,,,,,CR-R,0.05,0.1347,-0.08469999999999998,,,,,,
,,,,UPH-R,0.1278,0.0751,0.0527,,,,,,UPH-R,0.1478,0.2,-0.052200000000000024,,,,,,UPH-R,0.08,0.1917,-0.11170000000000001,,,,,,
,,,,UPH-LC,0.1111,0.0832,0.027900000000000008,,,,,,UPH-LC,0.1859,0.0896,0.09630000000000001,,,,,,UPH-LC,0,0,0,,,,,,
,,,,DOM-LC,0,0,0,,,,,,DOM-LC,0,0,0,,,,,,DOM-LC,0,0,0,,,,,,
,,,,OB Trans,0.1667,0.1856,-0.0189,,,,,,OB Trans,0.1725,0.2971,-0.12459999999999999,,,,,,OB Trans,0.04,0.1167,-0.07669999999999999,,,,,,
,,,,Total,0.11645714285714284,0.1218,-0.005342857142857163,,,,,,Total,0.12788571428571427,0.1273,0.0005857142857142728,,,,,,Total,0.04632857142857143,0.206,-0.15967142857142858,,,,,,
,,,,,,,,,,,,,,,,,,,,,,,,,,,,,,,
,,,,,,,,,,,,,,,,,,,,,,,,,,,,,,,
,,,,,,,,,,,,,,,,,,,,,,,,,,,,,,,
,,,,,,,,,,,,,,,,,,,,,,,,,,,,,,,
,,,,,,,,,,,,,,,,,,,,,,,,,,,,,,,
,,,PPH Forecast vs LRUP 5 Week Ave,,,,,,,,,,,,,,,,,,,,,,,,,,,,
,,,ECR,,5 Wk Ave,5 Wk Ave,,,,,,RKD,,5 Wk Ave,5 Wk Ave,,,,,,MSQ,,5 Wk Ave,5 Wk Ave,,,,,,,
,,,,,File,LRUP,(+/-),,,,,,,File,LRUP,(+/-),,,,,,,File,LRUP,(+/-),,,,,,
,,,,Shipping,13.195999999999998,11.884988174821256,1.311011825178742,,,,,,Shipping,14.84,14.577864360883776,0.26213563911622373,,,,,,Shipping,12.34,12.257838328676382,0.08216167132361818,,,,,,
,,,,Ecomm,21,20.58803601803564,0.4119639819643588,,,,,,Ecomm,32,34.66691222769481,-2.6669122276948087,,,,,,Ecomm,18.5,19.188844090595776,-0.6888440905957758,,,,,,
,,,,CR-R,19.16,18.017603931138957,1.1423960688610428,,,,,,CR-R,20,20.644190545403177,-0.6441905454031769,,,,,,CR-R,20,20.517713288925048,-0.517713288925048,,,,,,
,,,,UPH-R,11.59,10.913574733852728,0.6764252661472714,,,,,,UPH-R,12.4,11.990926845859029,0.40907315414097134,,,,,,UPH-R,11.667999999999997,11.75543337381143,-0.08743337381143235,,,,,,
,,,,UPH-LC,10.77,10.651015590787846,0.11898440921215325,,,,,,UPH-LC,14,13.973562698433836,0.02643730156616364,,,,,,UPH-LC,12,11.468096960752515,0.531903039247485,,,,,,
,,,,DOM-LC,0,0,0,,,,,,DOM-LC,88,91.21242261496667,-3.2124226149666697,,,,,,DOM-LC,0,0,0,,,,,,
,,,,OB Trans,16.89,13.71,3.1799999999999997,,,,,,OB Trans,42,46.21013857945525,-4.210138579455247,,,,,,OB Trans,18,17.48,0.5199999999999996,,,,,,
,,,,Total,13.22942857142857,13.26,-0.030571428571429138,,,,,,Total,31.891428571428573,20.6,11.291428571428572,,,,,,Total,13.215428571428573,14.31,-1.0945714285714274,,,,,,
,,,,,,,,,,,,,,,,,,,,,,,,,,,,,,,
,,,,,,,,,,,,,,,,,,,,,,,,,,,,,,,
,,,ADV,,5 Wk Ave,5 Wk Ave,,,,,,LPT,,5 Wk Ave,5 Wk Ave,,,,,,RED,,5 Wk Ave,5 Wk Ave,,,,,,,
,,,,,File,LRUP,(+/-),,,,,,,File,LRUP,(+/-),,,,,,,File,LRUP,(+/-),,,,,,
,,,,Shipping,11.915999999999999,11.554971305195512,0.36102869480448696,,,,,,Shipping,12.2,11.828371121735518,0.371628878264481,,,,,,Shipping,13.7,12.933780844816342,0.7662191551836575,,,,,,
,,,,Ecomm,17.19,22.45375758771506,-5.263757587715059,,,,,,Ecomm,20,18.233116688230496,1.7668833117695044,,,,,,Ecomm,25.01,27.974500334922997,-2.9645003349229953,,,,,,
,,,,CR-R,20.5,22.45841048601749,-1.9584104860174882,,,,,,CR-R,18.4,17.560500812806456,0.8394991871935424,,,,,,CR-R,26.68,21.202080328447334,5.477919671552666,,,,,,
,,,,UPH-R,13.59,14.805211289841965,-1.2152112898419656,,,,,,UPH-R,13.84,12.46147253707597,1.3785274629240298,,,,,,UPH-R,13.585999999999999,12.815658857920123,0.7703411420798751,,,,,,
,,,,UPH-LC,11.5,7.853127894365887,3.646872105634113,,,,,,UPH-LC,9.65,10.583018586941565,-0.9330185869415644,,,,,,UPH-LC,0,0,0,,,,,,
,,,,DOM-LC,0,0,0,,,,,,DOM-LC,0,0,0,,,,,,DOM-LC,0,0,0,,,,,,
,,,,OB Trans,15.690000000000001,19.596716150408994,-3.906716150408993,,,,,,OB Trans,21.2,21.68,-0.4800000000000004,,,,,,OB Trans,25.85,25.05,0.8000000000000007,,,,,,
,,,,Total,12.912285714285714,13.32,-0.40771428571428636,,,,,,Total,13.612857142857143,13.5,0.11285714285714299,,,,,,Total,14.975142857142856,15.82,-0.8448571428571441,,,,,,
