Unnamed: 0,Unnamed: 1,Unnamed: 2,Unnamed: 3,Unnamed: 4,Unnamed: 5,Unnamed: 6,Unnamed: 7,Unnamed: 8,Unnamed: 9,Unnamed: 10,Unnamed: 11,Unnamed: 12,Unnamed: 13,Unnamed: 14,Unnamed: 15,Unnamed: 16,Unnamed: 17,Unnamed: 18,Unnamed: 19,Unnamed: 20,Unnamed: 21,Unnamed: 22,Unnamed: 23,Unnamed: 24,Unnamed: 25,Unnamed: 26,Unnamed: 27,Unnamed: 28,Unnamed: 29,Unnamed: 30,Unnamed: 31,Unnamed: 32
,,,,,,,,,,,,,,,,,,,,,,,,,,,,,,,,
,Column Labels,,,,,,,,,,,,,,,,,,,,,,,,,,,,,,,
,1,,,,15,,,,17,,,,28,,,,42,,,,5,,,,ECR,,,,Total Sum of Billable Volume,Total Sum of Billable Invoicing,Total Sum of Ecommerce Volume,Total Sum of Ecommerce Invoicing
DATE,Sum of Billable Volume,Sum of Billable Invoicing,Sum of Ecommerce Volume,Sum of Ecommerce Invoicing,Sum of Billable Volume,Sum of Billable Invoicing,Sum of Ecommerce Volume,Sum of Ecommerce Invoicing,Sum of Billable Volume,Sum of Billable Invoicing,Sum of Ecommerce Volume,Sum of Ecommerce Invoicing,Sum of Billable Volume,Sum of Billable Invoicing,Sum of Ecommerce Volume,Sum of Ecommerce Invoicing,Sum of Billable Volume,Sum of Billable Invoicing,Sum of Ecommerce Volume,Sum of Ecommerce Invoicing,Sum of Billable Volume,Sum of Billable Invoicing,Sum of Ecommerce Volume,Sum of Ecommerce Invoicing,Sum of Billable Volume,Sum of Billable Invoicing,Sum of Ecommerce Volume,Sum of Ecommerce Invoicing,,,,
2026-03-14 00:00:00,10326,2201901.42,957,158490.77,4050,959117.23,1459,253753.9,8890.998,2323102.83,1508,224895.05,4473,1044077.6,737,121743.48,0,0,0,0,4566,1227827.6,1430,239330.08,13490.088,3398753.6,788,157278.78,45796.086,11154780.28,6879,1155492.06
2026-03-07 00:00:00,86172,16331152.19,6544,1074035.12,51432,11963228.79,12271,2056672.18,61730.003,14800127.74,9460,1528712.63,40203.942,9569427.01,5914,1012133.63,0,0,0,0,56683.769,14334237.95,11454,1836119.67,107984.386,27316980.58,7117,1334399.25,404206.1,94315154.26,52760,8842072.48
2026-02-28 00:00:00,82410.998,16807782.98,8093,1446716.08,47814,11495146.28,13160,2218509.75,58750.028,14698313.8,10144,1590861.29,32304.003,8596759.35,6574,1092322.5,0,0,0,0,59043.824,14724949.83,12560,2055613.75,89967.197,23557159.1,7503,1490149.19,370290.05,89880111.34,58034,9894172.56
2026-02-21 00:00:00,77260,11713025.24,9972,1786816.91,44260,10698085.11,22377,4031963.45,60239.004,15546457.27,11909,1793825.77,31287.982,8209203.26,7909,1134588.68,0,-93.93,0,0,53194.734,13613923.52,17954,3024971.93,88604.261,22524817.63,11977,2375535.02,354845.981,82305418.1,82098,14147701.76
2026-02-14 00:00:00,73903,14483307.8,7797,1389906.93,43674,10599226.88,13645,2230739.12,59804.011,14148730.71,8420,1347769.79,31098.999,7789482.73,6172,1041571.17,0,-39.2,0,0,52808.932,13420354.07,11800,2036080.95,88098.242,22430368.28,7246,1405904.73,349387.184,82871431.27,55080,9451972.69
2026-02-07 00:00:00,76923,15888492.1,8143,1433610.45,46942,11296690.15,12939,2199621.89,49750.998,11979696.31,6612,1130442.03,31353.95,7708166.07,4753,646417.25,0,-1,0,0,53992.769,13172272.25,9699,1516008.61,80433.298,20181883.45,7731,1340824.31,339396.015,80227199.33,49877,8266924.54
2026-01-31 00:00:00,75165,10722085.53,6631,1058573.35,34643,8094955.97,10588,1743554.74,42722.998,10678604.6,7132,1241057.44,20382.002,5003637.45,4066,574719.69,0,-28.1,0,0,54540.931,13761533.6,9745,1618673.6,50458.297,12884622.03,5473,936516.06,277912.228,61145411.08,43635,7173094.88
2026-01-24 00:00:00,70694.001,11476522.66,5917,929592.65,44995,10659040.77,11884,2123365.24,63171.002,15342704.95,7245,1118299.2,35183.949,8860476.97,4200,622565.82,0,-15.33,0,0,55819.803,13744365.75,9406,1531788.01,80539.348,20948426.9,6409,1099366.67,350403.103,81031522.67,45061,7424977.59
2026-01-17 00:00:00,76957,16385259.39,5827,891577.1,44329,10573153.3,12906,2350241.71,56941.016,13927390.24,8513,1287566.42,31405.99,8147125.12,5297,819949.54,0,-120.95,0,0,57875.802,14222851.26,10016,1599450.4,84051.328,22190325.03,7450,1400443.3,351560.136,85445983.39,50009,8349228.47
2026-01-10 00:00:00,76365.998,13553455.16,5672,869999.94,43090,10381109.72,12892,2208075.99,57344.009,13784691.73,9353,1496849.68,30592.913,7632552.31,5165,748743.06,0,-30.37,0,0,55022.843,13247241.35,10694,1833408.75,83721.309,20795781.61,8192,1508736.25,346137.072,79394801.51,51968,8665813.67
2026-01-03 00:00:00,61441,12505177.01,6850,1025329.94,38835,9191804.37,15324,2854291.2,39119.021,9870063.52,9868,1465771.51,25343.978,6243591.84,6660,1019462.72,0,0,0,0,42424.921,10364049.39,13469,2286034.77,58835.217,14152813.61,9677,1715860.58,265999.137,62327499.74,61848,10366750.72
2025-12-27 00:00:00,55308.999,4489085.2,5488,826774.22,39056,9227055.97,9508,1696561.89,41732.019,10129394.84,7526,1092538.54,23302.988,5572553.24,5719,788952.26,0,-29.12,0,0,40115.838,10149812.85,8278,1374729.7,58710.071,14660157.19,7612,1344466.72,258225.915,54228030.17,44131,7124023.33
2025-12-20 00:00:00,90954,18965584.39,5945,941601.55,48003,11293062.58,11364,1799778.3,61119.041,14646852.94,8643,1241683.33,31992.972,7880145.46,5859,859282.87,0,-77.65,0,0,53941.88,13221588.74,9842,1532250.99,89473.369,22528195.5,8603,1595629.99,375484.262,88535351.96,50256,7970227.03
2025-12-13 00:00:00,89335.998,19423195.84,5537,901565.17,59593,14665334.42,13409,2132935.85,66105.996,16165853.7,9125,1286149.54,36482.001,9499524.21,5569,805437.54,0,0,0,0,63081.95,16026846.36,10236,1602284.44,89022.422,22771502.8,10437,2032142.44,403621.367,98552257.33,54313,8760514.98
2025-12-06 00:00:00,91601,14517450.67,10633,1729357.83,65645,16146757.56,28125,5089834.47,66167.03,17219434.28,14377,2215661.96,42114.975,10665288.73,10116,1592496.41,0,-33.75,0,0,65024.734,16693252.95,22940,4035030.38,104895.414,26798941.99,16331,2981834,435448.153,102041092.4,102522,17644215.05
2025-11-29 00:00:00,86700.997,16289388.8,11790,2111662.19,53987,12868204.16,27048,4734097.1,50338.012,12581225.04,19093,3187779.13,30337.973,7687062.3,11648,1590121.41,0,-69.9,0,0,51552.861,12956448.67,18029,2997342.72,73179.376,18612748.5,17130,2908435.06,346096.219,80995007.57,104738,17529437.61
2025-11-22 00:00:00,100289,20634993.21,6535,1113819.85,64830,14874303.51,15975,2524286.65,68375.003,16499449.24,11651,1807853.42,42271.006,10210022.91,6312,940255.35,0,-24.57,0,0,70274.83,16668510.08,11906,1918283.66,97368.295,24449017.64,9147,1530530.92,443408.134,103336272,61526,9835029.85
2025-11-15 00:00:00,89017,18672288.84,6616,1060045.38,56805,13551634.02,14141,2255665.68,63491.021,14982870.56,10215,1558104.1,38654.966,9707432.29,5822,886281.18,0,-254.49,0,0,55805.897,13577999.85,11004,1724872.34,89819.452,22645960.37,8166,1318012.13,393593.336,93137931.44,55964,8802980.81
2025-11-08 00:00:00,90683,17308673.99,6840,1048666.99,56701,13389721.4,12861,2062007.12,65689.031,15292079.01,8415,1319775.22,34273.993,8441242.6,5644,836443.08,0,-148.09,0,0,54395.787,13321365.07,9435,1443984.91,88574.302,21915507.37,7443,1222803.54,390317.113,89668441.35,50638,7933680.86
2025-11-01 00:00:00,81054.997,16571842.48,5790,831091.71,63781,14659635.07,10109,1555091.88,53591.008,12475022.76,6862,1151712.53,33776.968,8225016.42,4745,688525.11,0,-134.9,0,0,57073.768,13439455.12,8592,1340560.46,87677.284,21851258.58,6773,1158698.47,376955.025,87222095.53,42871,6725680.16
2025-10-25 00:00:00,85221,13035041.87,5963,815536.81,54327,12570940.27,8871,1328139.21,61442.032,14698464.37,6958,1222692.27,34495.937,8704338.36,4759,717865.79,0,-51.6,0,0,59051.783,14450626.66,8656,1288721.13,88410.39,22994125.66,6829,1253010.31,382948.142,86453485.59,42036,6625965.52
2025-10-18 00:00:00,83356,15361238.04,5512,855542.32,59309,13582947.71,8594,1327444.27,60051.016,14112430.09,6462,1028631.12,37715.997,8842836.64,4887,701639.12,0,-94.62,0,0,57155.799,13968857.2,7959,1235595.89,82450.324,20105615.86,7231,1260432.9,380038.136,85973830.92,40645,6409285.62
2025-10-11 00:00:00,77495,15145401.94,7496,1154990.04,56924,13573242.62,10178,1629765.59,56976.005,13757173.58,7316,1140849.76,34101.978,8473723.09,7748,955016.33,0,-120.52,0,0,57487.828,13662786.7,8741,1307680.65,82995.37,20623120.49,8945,1567780.33,365980.181,85235327.9,50424,7756082.7
2025-10-04 00:00:00,90609,10290493.62,5395,711300.42,55907,12363309.31,9065,1379183.5,64655.004,14744771.78,6349,908035.46,36392.982,8514197.34,5103,699759.67,0,-132.89,0,0,54009.933,12912149.41,7459,1124082.62,90493.483,21063121.07,8223,1456634.01,392067.402,79887909.64,41594,6278995.68
2025-09-27 00:00:00,85372,15262687.7,4678,700988.67,64037,13873848.42,9700,1368665.84,67874.002,15519538.56,6894,954450.75,40341.013,9274350.74,4439,627119.01,0,-64.85,0,0,52974.933,12513726.5,7317,1047455.17,88018.336,20879048.01,8717,1725616.98,398617.284,87323135.08,41745,6424296.42
2025-09-20 00:00:00,89567,17366741.96,4761,690758.92,59670,13131805.54,9831,1296614.59,61143.031,14194683.62,7117,1076219.32,39595.963,9163871.33,4058,563511.45,0,-3881.79,0,0,56406.892,13415044.55,7802,1155312.47,92569.38,22679554.67,7797,1384437.43,398952.266,89947819.88,41366,6166854.18
2025-09-13 00:00:00,96372.998,19931639.24,5191,795027.03,69147,15419013.76,11274,1582920.86,74343.009,17465819.62,8147,1121247.66,42381.999,9826049.8,5030,701301.16,0,-155.27,0,0,72195.716,16705883.92,9331,1313578.87,98212.4,23283725.99,9642,1794598.34,452653.122,102631977.1,48615,7308673.92
2025-09-06 00:00:00,88152,15815598.19,9959,1533004.43,54146,12319505.27,21157,3098660.98,64945.055,15203410.92,14397,1943282.13,38127.954,9157664.31,8255,1192765.36,0,-88.33,0,0,61649,14635841.81,18097,2520649.78,87690.28,21024471.85,14501,2584894.74,394710.289,88156404.02,86366,12873257.42
2025-08-30 00:00:00,77505,15062831.22,7083,1120569.44,56867,12745413.29,15407,2262876,60572.008,14340783.19,10966,1447294.39,38875.959,8936968.32,6287,878391.43,0,-168.12,0,0,64183.938,14932864.3,11928,1723855.82,91173.319,21421854.94,9535,1783930.91,389177.224,87440547.14,61206,9216917.99
2025-08-23 00:00:00,83415,13707082.54,6389,1036743.08,55104,12191961.02,10994,1600140.02,62408.007,14511418.21,8361,1082648.95,36421.961,8534062.9,5564,848780.14,0,-414.79,0,0,54357.828,12900636.37,9991,1443078.14,89792.324,21721684.64,6913,1226333.58,381499.12,83566430.89,48212,7237723.91
2025-08-16 00:00:00,86104,16909116.09,6218,926285.94,55279,12621857.18,10706,1488577.26,60776.033,14467002.56,8445,1315060.27,35851.993,8162108.3,6190,987072.86,0,-39.79,0,0,54204.91,12989240.94,10913,1647779.16,86933.296,20712285.06,8423,1502026.95,379149.232,85861570.34,50895,7866802.44
2025-08-09 00:00:00,84048,17098751.6,5174,741321.94,52395,12091891.65,10914,1476466.46,57189.027,13579845.1,7826,1048244.77,33666,7947827.4,4997,730950.98,0,-123.55,0,0,55740.839,13157371.26,9301,1278841.63,92310.358,22630140.89,12437,2531022.13,375349.224,86505704.35,50649,7806847.91
2025-08-02 00:00:00,88428.998,17417199.78,4265,662523.28,49982,11419075.09,9983,1277653.9,57784.021,13465639.78,6162,808419.78,32014.976,7359590.76,4928,744789.21,0,-232.46,0,0,53573.77,12563212.18,8394,1059905.35,94495.407,22612808.74,15065,3008327.13,376279.172,84837293.87,48797,7561618.65
2025-07-26 00:00:00,78778,10252148.12,4497,664787.43,50519,11024859.64,9047,1205524.45,54298.02,12773273.15,5474,774861.43,31757.874,7583219.76,4277,647463.68,0,-3.36,0,0,46600.967,11067637.99,9279,1136026.55,80302.423,19477547.67,14467,2915939.43,342256.284,72178682.97,47041,7344602.97
2025-07-19 00:00:00,80093,16415513.03,4949,668039.75,53318,11611084.55,8756,1112568.32,62251.999,14539452.41,6005,835861.11,32760.984,8018121.42,5008,778209.04,0,-115.3,0,0,49104.9,11996761.32,9334,1227904.51,83425.37,20218501.08,14201,2996230.45,360954.253,82799318.51,48253,7618813.18
2025-07-12 00:00:00,75806,14557905.27,11109,1549386.3,50033,11216518.09,17258,2229271.32,60757.019,13874702.93,10327,1444179.14,28825.012,6958323.97,6188,936912.07,0,-135.41,0,0,50460.839,12192658.55,13700,1886809.54,80430.39,19339243.5,24600,5030753.96,346312.26,78139216.9,83182,13077312.33
2025-07-05 00:00:00,65689,10251996.54,6148,811045.03,45598,10135864.2,14981,1844432.43,45662.04,10406540.92,6793,960232.01,28312.97,6403402.18,4683,672751.84,27,11082.3,0,0,40924.911,9858703.51,11450,1483257.88,69169.336,16841845.39,20535,3980947.39,295383.257,63909435.04,64590,9752666.58
2025-06-28 00:00:00,76197.997,9703907.12,4187,617799.39,42156,9622055.45,12318,1790629.69,51936.023,11833254.98,6219,904395.05,32886,7328163.86,4408,621526.56,0,-145.25,0,0,53570.916,12539217.5,9810,1387206.49,85545.338,20201325.79,13064,2464622.92,342292.274,71227779.45,50006,7786180.1
2025-06-21 00:00:00,77562,14669886.65,4551,664158.92,48333,11047205.43,12567,1840130.02,58455.014,12699447.64,6998,998654.24,32951.964,7569432.19,4071,517879.94,0,-242.39,0,0,53840.809,11821469.22,9213,1432574.09,89339.429,20231089.86,10875,1817929.25,360482.216,78038288.6,48275,7271326.46
2025-06-14 00:00:00,79841.997,14739515.26,5232,714548.16,55053,11477329.08,13046,1676349.3,62339.006,13330288.92,7729,1064969.38,38190.996,8436996.7,5027,664396.11,68,10554.48,0,0,56016.789,12318634.87,9779,1425766.44,90437.42,20900610.8,10821,1836882.91,381947.208,81213930.11,51634,7382912.3
2025-06-07 00:00:00,91603,16862178.49,5716,798292.3,63326,13769127.91,14488,1921493.33,68868.029,15254496.01,8854,1273553.28,38358.003,8695761.65,5759,715290.37,190,48571.99,0,0,64341.732,14533316.93,10678,1530298.82,90670.285,21311040.65,11051,1829420.64,417357.049,90474493.63,56546,8068348.74
2025-05-31 00:00:00,78105,12673907.45,9892,1493048.29,56535,12311958.79,23458,3202565.95,59280.006,13198103.85,14055,2193889.03,35479.01,7862495.7,7841,1083318.84,0,-138.73,0,0,61117.932,14140999.23,20367,3059238.61,88492.339,20381845.94,17546,2874697.71,379009.287,80569172.23,93159,13906758.43
2025-05-24 00:00:00,81989,14568958.67,7510,1117999.11,51930,11411898.72,19141,2833700.14,57779.005,12844540.89,10830,1515982.9,35010.002,8101105.12,5880,856671.9,0,-288.8,0,0,55549.866,12232627.2,11064,1666456.81,86646.397,20198254.29,11084,1705485.03,368904.27,79357096.09,65509,9696295.89
2025-05-17 00:00:00,88131.996,14934791.55,5993,862954.56,57581,12970725.28,14893,2255031.99,68179.026,14813366.68,9087,1217415.46,34503.97,7734896.56,5699,783245.44,0,-217.75,0,0,55405.834,12560449.22,10714,1588849.42,90333.36,20933121.37,9368,1455682.93,394135.186,83947132.91,55754,8163179.8
2025-05-10 00:00:00,92156,17602250.09,6027,841307.48,60247,13093291.61,16899,2487816.08,65561.008,14322745.6,9018,1225851.82,35786.996,8093802.77,5952,775821.44,0,-139.73,0,0,62600.923,14202579.57,11190,1650292.04,86924.291,20144744.73,10261,1675692.98,403276.218,87459274.64,59347,8656781.84
2025-05-03 00:00:00,92455,17187943.97,6186,858384.35,54266,12128943.64,14022,1989628.7,54073.028,12645757.07,8729,1216093.5,34724.994,7937737.14,5802,776155.16,578,122558.05,0,0,55274,12065808.65,10811,1512450.51,90265.347,21068878.39,9781,1632633.18,381636.369,83157626.91,55331,7985345.4
2025-04-26 00:00:00,87268,15601016.79,5005,682656.32,57873,12453433.19,11039,1643074.07,51856.998,11978223.14,7460,1044823.9,35750.009,7951452.9,4864,654942.04,3,619.57,0,0,52661.833,11164657.33,9225,1366112.63,81909.293,19046299.88,8775,1414770.17,367322.133,78195702.8,46368,6806379.13
2025-04-19 00:00:00,92115,17941967.16,5529,735595.37,58450,12827646.54,12322,1835716.37,62977.009,14323180.98,7549,985154.73,33279.986,7669059.75,4842,624386.51,611,122253.84,8,611.15,69876.862,15213576.92,10365,1463809.5,89917.271,21238302.3,7816,987299.17,407227.128,89335987.49,48431,6632572.8
2025-04-12 00:00:00,96882.999,17621851.02,5905,831376.72,63046,13780536.96,13408,1946650.54,66758.995,15134180.73,7654,978853.27,39210.012,8930886.2,6805,808306.29,396,87879.2,357,47949.03,67082.798,14988732.92,9880,1379536.78,88058.315,20588221.72,8256,1067184.68,421435.119,91132288.75,52265,7059857.31
2025-04-05 00:00:00,90358,17001013.27,6551,959852.72,62614,13655412.96,13621,1948004.28,63609.01,14230435.37,8034,1064849.78,37145.96,8195345.4,5327,680068.5,757,197735.51,508,60458.77,67229.862,15386680.26,10574,1577695.45,103002.326,23374005.2,8194,1090157.78,424716.158,92040627.97,52809,7381087.28
2025-03-29 00:00:00,93104.998,11176256.92,6433,888028.01,59994,13253074.23,13978,2009739.79,61929.998,13863184.05,7702,1027675.51,39900.966,8528024.22,5324,713744.63,1003,252237.14,759,84082.91,59104.927,13213405.51,10542,1596001.04,92865.345,21234612.78,9092,1154086.94,407903.234,81520794.85,53830,7473358.83
2025-03-22 00:00:00,91095,16143024.59,6668,863375.82,61558,13318974.73,12839,1880060.83,65998.01,14437283.23,7284,1072357.56,39908.005,8705656.76,5250,691433.26,1388,277473.38,1057,115957.21,70588.741,15210749.89,9866,1446825.56,103844.364,24089779.8,8383,1195764.25,434380.12,92182942.38,51347,7265774.49
2025-03-15 00:00:00,93631,18224007.39,6037,821901.33,57717,12004208.17,13305,1889113.24,67680.053,14718092.53,6804,996751.48,38707.914,8235539.5,4692,603329.35,2200,543830.27,1260,153511.05,57346.892,12730817.87,9525,1394906.8,97639.385,21903352.31,9323,1327916.99,414922.244,88359848.04,50946,7187430.24
2025-03-08 00:00:00,85049.998,15483274.06,5263,712437.78,62208,13419267.4,13123,1877679.48,60455.001,13401232.13,8624,1194805.96,35120.976,8041737.3,5493,700786.84,2196,506006.18,828,97113.95,60479.781,13424302.42,10392,1510040.3,93820.393,21910441.48,9494,1335949.1,399330.149,86186260.97,53217,7428813.41
2025-03-01 00:00:00,83610,16666735.8,6150,868902.25,60799,13383900.9,14914,2219574.59,65563.009,14931939.94,9043,1283393.12,31546.997,7317360.29,5529,761926.31,7023,1625655.26,1164,145466.87,50748.833,11247456.39,10441,1538076.56,81671.357,19169479.82,11230,1566785.8,380962.196,84342528.4,58471,8384125.5
2025-02-22 00:00:00,87921.999,8662432.45,5543,893956.32,54221,11967308.01,26995,4324994.96,62492.023,14058627.51,8942,1227216.38,33541.999,7706691.66,6960,942519.96,10226.934,2336375.39,1552,190918.09,47003.967,10643303.99,14456,2300742.44,93076.335,22173441.79,16928,2104576.71,388484.257,77548180.8,81376,11984924.86
2025-02-15 00:00:00,89839.002,18598132.95,3582,545374.31,60257,13193274.56,15202,2636675,57559.022,13089134.52,6902,905688.72,35491.996,8105502.74,5906,744251.9,11307.983,2683121.79,1803,242745.98,52951.897,11648228.04,8885,1353498.67,95275.377,22901312.23,9685,1393939.46,402682.277,90218706.83,51965,7822174.04
2025-02-08 00:00:00,97036.998,17772036.2,3215,522801.97,61328,13459247.81,12963,2278144.06,64401.03,14524997.89,6556,877528.27,38921.019,8697260.01,5002,668913.01,12278.934,2899724.95,1452,168865.57,53319.9,11683146.48,9116,1349481.47,94195.395,22578749.43,8316,1325659.1,421481.276,91615162.77,46620,7191393.45
2025-02-01 00:00:00,85428,16786263.96,3543,556938.27,57489,12690290.6,10060,1626623.02,63155.01,14191197.1,6546,918611.46,31810.002,7395033.56,4347,617394.86,14135.911,3210369.79,2221,258575.94,49411.858,11249599.75,7551,1155896.89,98923.362,23530476.97,7804,1219479.89,400353.143,89053231.73,42072,6353520.33
2025-01-25 00:00:00,87193,16670215.14,4030,587459.58,57523,12735853.61,8687,1371700.14,57867.018,12866451.28,6408,936345.06,33053.017,7609051.47,4207,611346.95,16300.897,3649406.77,2266,259671.83,48718.923,10966493.87,8263,1239676.02,84516.413,20096053.89,8988,1394657.92,385172.268,84593526.03,42849,6400857.5
2025-01-18 00:00:00,84878,15036991.13,3297,508061.06,53623,12036075.06,10900,1568117.21,60257.009,13524435.24,7465,1052930.44,36909.983,8405397.22,4748,627565.04,15073.939,3407807.78,2045,241787.56,50614.875,11532783.78,7583,1173217.61,88112.405,20084312.54,9930,1469307,389469.211,84027802.75,45968,6640985.92
2025-01-11 00:00:00,88723.998,15350923.03,3776,601184.48,56962,12854487.39,9692,1516389.87,57633,13537053.8,6085,817031.25,33106.988,7720852.93,4515,600070.81,15148.963,3683444.78,2008,252915.97,51089.906,11406147.66,8525,1296268.75,93333.394,21761352.79,10681,1571519.51,395998.249,86314262.38,45282,6655380.64
2025-01-04 00:00:00,77766,14691664.25,4464,729576.4,42462,9466129.79,12385,1938172.07,56336.028,12444421.92,8659,1135963.12,28128.998,6346165.65,6177,767516.84,10481.923,2428842.97,2310,333262.21,45185.943,9882859.12,9482,1419653.64,76420.364,17569858.15,11902,1822465.17,336781.256,72829941.85,55379,8146609.45
2024-12-28 00:00:00,62613,10128360.73,3538,527091.76,34930,7665187.73,9330,1444501.66,38082.999,8778779.26,5733,706638.17,22606.002,5392216.72,4581,576950.71,8253,1957632.52,1629,206512.36,31632.879,7050599.98,7875,1156449.78,52754.269,12937867.34,9985,1586713.55,250872.149,53910644.28,42671,6204857.99
2024-12-21 00:00:00,95453.999,19340510.43,4753,653040.89,56110,12029988,11108,1654805.81,61018.004,13844877.07,8196,1078372.88,33615.987,8041647.43,5143,661528.71,12710.973,3024029.22,2122,263812.91,49629.837,11750495.74,8208,1197263.18,92949.443,22602218.14,11475,1731953.54,401488.243,90633766.03,51005,7240777.92
2024-12-14 00:00:00,95586,18167423.48,5424,713118.18,63155,13563516.54,13462,2030861.73,77657.061,17029456.36,8590,1108965.04,41868.999,10224194.21,5811,726984.69,15449.931,3648167.13,2078,261422.61,52099.945,12038114.29,10604,1603118.31,93130.414,22613758.67,11807,1759427.75,438947.35,97284630.68,57776,8203898.31
2024-12-07 00:00:00,112747,22575069.7,12990,1665134.38,67616,14936870.6,23973,4090560.07,78724.023,17677603.47,14359,1845581.69,42727.013,9920175.75,12070,1551234,15274,3653068.34,3741,512262.74,58504,13323486.55,20582,3320776.63,118498.477,28418034.24,20598,3622498.21,494090.513,110504308.7,108313,16608047.72
2024-11-30 00:00:00,86363.999,16572154.46,13683,1759769.37,51141,11343850.51,24638,3987505.96,56079.11,12758701.47,15235,1842043.37,32805.007,7401900.56,11552,1439209.47,9932.98,2334834.8,3830,530699.07,38875.943,8779454.6,18794,2894468.49,78662.322,18586076.37,25365,4431859.84,353860.361,77776972.77,113097,16885555.57
2024-11-23 00:00:00,114089,20146804.32,5364,619509.63,67167,14646277.69,17748,2671112.01,78548.03,17320958.88,7679,891254.2,44224.996,10280799.73,4646,528350.1,14693.997,3516528.43,2658,347349.18,62128.858,13559867.34,11736,1652991.42,115698.525,26946544.59,16224,2456424.81,496550.406,106417781,66055,9166991.35
2024-11-16 00:00:00,105115.998,20546144.25,3973,484236.12,66383,14042845.91,13531,1874923.66,72045.021,15392973.05,8282,970264.07,41479.977,9120606.17,4651,526814.63,15082.947,3463585.43,2718,388868.47,54303.939,11822640.29,8315,1141331.91,104807.351,24187645.98,12351,1872511.56,459218.233,98576441.08,53821,7258950.42
2024-11-09 00:00:00,98313.999,17103859.69,2801,381510.59,63729,13996182.46,10309,1501181.76,71446.007,15414750.91,6788,820652.4,36271.995,8266154.53,3571,452653.09,15213,3406008.61,2305,324666.03,42579.983,9565794.26,6114,902697.41,99002.381,23576273.55,8810,1538942.8,426556.365,91329024.01,40698,5922304.08
2024-11-02 00:00:00,98047,17831104.52,2090,240988.15,56921,12070822.82,9533,1492833.48,62636.018,13300431.04,5732,658667.77,39862.022,8589868.55,3814,517597.3,14432.942,3271100.59,1799,233119.07,50999.929,11752896.37,5667,895397.09,91296.319,21455461.99,7539,1370261.94,414195.23,88271685.88,36174,5408864.8
2024-10-26 00:00:00,91724.002,11625003.52,2532,294547.51,64854,13783530.03,9978,1578763.25,57001.002,12336273.29,4908,605833.92,33397.003,7912159.86,3482,451251.75,13352,3038182.74,1539,170038.87,44102.88,9927618.8,5866,974186.5,92463.385,21348565.36,6517,1232785.66,396894.272,79971333.6,34822,5307407.46
2024-10-19 00:00:00,91865.998,15575549.74,2665,340462.16,57605,12104800.03,10601,1689453.42,57336.031,12813638.19,5101,661139.78,34654.976,7892871.2,3749,433732.02,14910.959,3500104.29,1592,199767.3,45264.972,10122821.92,6293,996296.82,96364.344,22022155.03,6772,1239252.07,398002.28,84031940.4,36773,5560103.57
2024-10-12 00:00:00,91557,17752975.99,4485,608744.89,64659,14194449.37,10399,1579296.07,64429.045,14024237.75,6006,744145.96,35727.013,8216943.19,5300,650265.62,11914,2868807.92,2340,324658.56,45819.939,10581321.46,6362,942913.99,97668.347,22346630.53,8614,1395867.32,411774.344,89985366.21,43506,6245892.41
2024-10-05 00:00:00,90970,14548147.76,2885,328247.83,63970,13642015.9,5403,598463.11,58858.054,12892884.27,4903,555714.75,39187.957,9181357.76,3531,400423.19,11830.97,2806120.41,1417,164619.76,48614.977,11404813.19,3498,382221.54,90900.366,20629318.08,3616,395774.23,404332.324,85104657.37,25253,2825464.41
2024-09-28 00:00:00,87768.997,15352067.21,2057,234425.74,60499,13166615.87,5104,568265.78,63980,14130788.95,4453,495207.91,34819.988,8374456.93,3292,362343.29,11339.926,2660449.78,1318,144785.5,52868.844,11687789.24,3021,342340.9,103086.373,24289347.67,4350,518311.54,414363.128,89661515.65,23595,2665680.66
2024-09-21 00:00:00,86611,16798222.6,1894,217683.85,49334,10697811.39,5070,591908.39,58952.001,12721490.02,4725,527732.99,36161.998,8287384.51,3643,441319.14,12354.951,2824378.86,1650,180473.12,44980.893,10341498.4,3057,335469.84,102214.315,24354592.85,4216,487124.83,390609.158,86025378.63,24255,2781712.16
2024-09-14 00:00:00,85141.004,14735999.89,2126,227249.21,52891,11087164.87,4599,523427.33,67086.019,14723770.85,4577,499320.27,42649.997,9766536.25,4377,483819,15473.953,3466173.82,1858,202522.02,51830.778,11616200.45,2614,285502.21,104977.325,24915755.27,5281,598978.11,420050.076,90311601.4,25432,2820818.15
2024-09-07 00:00:00,84669.001,14852484.36,3560,392808.78,48157,10420382.82,6181,706067.74,50462.998,11744570.63,5988,672499.31,36627.996,8210812.57,5464,645681.71,15038.966,3431528.01,2852,329101.95,39313.924,9418314.3,4019,439764.97,94738.315,22562283.96,5575,590216.43,369008.2,80640376.65,33639,3776140.89
2024-08-31 00:00:00,78985,11941792.59,2826,335603.14,47122,10309191.86,6051,672816.82,57624.032,12308787.88,5163,605079.26,39276.97,8633857.49,4940,574072.47,13418.948,3059361.68,2532,281786.8,47063.9,10694742.04,3800,424986.05,91278.314,21586862.99,4541,486007.56,374769.164,78534596.53,29853,3380352.1
2024-08-24 00:00:00,91385,16554301.53,3118,366759.92,72758,15393541.71,8625,1295808.14,58474,12777624.26,4701,556148,41528.962,9351970.77,4435,496115.02,12055.97,2748508.61,1865,187934.55,47889.932,10757266.68,3821,511999.47,98289.293,23672121.93,5466,856755.7,422381.157,91255335.49,32031,4271520.8
2024-08-17 00:00:00,80619.996,14371473.58,3253,357423.82,50116,10632577.44,9528,1478413.01,58835.985,12396848.25,4670,536790.11,35165.006,7910061.96,4085,482772.84,11220.004,2310508.56,1517,175067.73,42979.923,9764038.82,5316,762020.78,94704.327,21705832.8,6072,1015025.07,373641.241,79091341.41,34441,4807513.36
2024-08-10 00:00:00,81951.998,15607294.38,4289,574530.71,49238,10552006.06,8782,1324276.21,65231.001,13789751.84,5286,630963.33,34468.988,7898280.04,3484,385991.07,10497,2454212.83,1705,202382.43,44514.918,10496445.46,4578,613594.48,91927.291,21163258.02,5517,862519.74,377829.196,81961248.63,33641,4594257.97
2024-08-03 00:00:00,77161,14421216.42,2885,381901.32,46310,9895962.09,7784,1147758.31,58303.008,13349471.89,6243,797206.63,33164.001,7489729.28,3270,408549.99,10308.958,2470190.6,1442,180132.44,50225.001,12019038.68,4504,586210.63,90984.363,21616828.82,5296,830441.42,366456.331,81262437.78,31424,4332200.74
2024-07-27 00:00:00,94501,13535574.84,3495,458483.81,51073,10740536.12,7382,1068112.86,53127.011,11808284.03,5475,686470.77,33300.997,7816584.88,3152,394895.97,13157.979,2936502.86,1720,209526.24,42532.981,10143336.44,5628,712432.85,83139.389,20388375.99,4891,772938.85,370832.357,77369195.16,31743,4302861.35
2024-07-20 00:00:00,89402.005,17193842.77,7959,1193026.59,51426,10745136.22,11995,1845782.45,63014.016,13282771.58,6955,957734.32,37983.983,8462878.22,5677,862568.86,12563.987,2781716.17,3099,422853.82,49838.97,11090958.06,8461,1303314.1,87901.352,20347385.11,7254,1211480.53,392130.313,83904688.13,51400,7796760.67
2024-07-13 00:00:00,87340,16464685.48,3119,394478.08,53469,11259230.53,5473,676984.03,60381.004,12950822.2,5278,598600.11,29010.006,6608099.9,3498,408915.98,13148.953,2903752.76,1900,213794.61,49391.968,10484608.35,4509,490900.43,85722.347,19414193.88,5434,854344.97,378463.278,80085393.1,29211,3638018.21
2024-07-06 00:00:00,75524.002,9596988.87,3252,415072.24,45232,9648382.65,7051,944410.64,51269.996,11178444,6076,703074.72,28464.005,6570715.26,3495,430835.77,10642.979,2298591.27,1880,209477.3,42722.964,9343696.17,4401,484603.63,72932.307,17098496.18,6000,952109.12,326788.253,65735314.4,32155,4139583.42
2024-06-29 00:00:00,82920,14818539.26,3058,426531.38,47020,10305695.09,6196,733776.28,57135.016,12709223.23,6211,697847.27,36514.975,8276680.27,3871,495583.81,11789.932,2576969.7,1654,186796.84,48138.898,10932341.72,3536,401631.97,87080.39,19984281.52,5641,911156.71,370599.211,79603730.79,30167,3853324.26
2024-06-22 00:00:00,85009,14667555.45,2821,402314.46,52328,11289645.71,5564,665264.63,62164.002,13726013.93,5435,637003.86,34507.998,8091007.44,3689,475621.38,13606.966,2930872.68,1455,163533.75,49053.933,10832390.5,3665,404295.61,88153.26,20251024.32,3902,506668.47,384823.159,81788510.03,26531,3254702.16
2024-06-15 00:00:00,94080.001,17298782.83,2841,380154.06,59312,12319456.05,6399,792633.32,70052.057,14843519.12,6024,704960.2,38295.978,8418801.17,3748,493720.35,14586.871,3130420.82,1576,168213.52,46197.978,10459873.98,3833,453490.89,102894.382,24195286.3,3619,407613.68,425419.267,90666140.27,28040,3400786.02
2024-06-08 00:00:00,100582.001,13962558.33,3059,446680.65,57316,12042812.73,8045,1026373.9,69481.017,14637022.99,6073,715387.22,35925.04,8087590.93,4714,673161.59,15131.926,3384503.5,1803,205356.25,62946.899,14031027.96,4519,553091.22,104371.404,24660608.71,3636,435624.86,445754.287,90806125.15,31849,4055675.69
2024-06-01 00:00:00,75949,14805071.38,3323,451972.79,53906,11332057.35,9882,1207602.53,63541.017,13629688.6,7755,888895.31,33910.982,7630849.05,5237,704897.34,11388.968,2620311.59,1854,215781.58,46479.963,10244514.91,5775,698761.59,93971.343,21832287.22,4133,497593.14,379147.273,82094780.1,37959,4665504.28
2024-05-25 00:00:00,83674,14659943.96,2895,352667.76,53700,11526336.22,8256,983921.73,57902.997,12372859.55,6345,746821.6,33672.008,7800435.96,3719,454319.62,10954.953,2493926.61,1601,180092.39,42923.852,9422690.54,4842,541501.75,86261.302,19916042.07,3376,417012.82,369089.112,78192234.91,31034,3676337.67
2024-05-18 00:00:00,77661,15111457.72,2614,336186.72,58053,12529605.86,7722,944392.11,60786.12,13306565.45,5647,644883.79,33470.981,7790314.37,3238,433715.73,12983.955,2997282.6,1349,155884.17,45492.972,10391428.35,4013,469941.6,86811.303,20400734.05,3575,445595.87,375259.331,82527388.4,28158,3430599.99
2024-05-11 00:00:00,85502.003,15340248.57,2922,381261.24,58713,12395106.53,7820,967705.4,59113.011,12891176.3,5708,661763.37,35067.995,8078687.97,4164,540960.79,12153.979,2767119.07,1758,187670.12,48663.956,10779255.18,4555,520242.73,85247.263,20125198.44,3927,488115.19,384461.207,82376792.06,30854,3747718.84
2024-05-04 00:00:00,86803.001,15569828.68,2679,333363.88,55894,12252768.03,6617,788604.47,57933.009,12531027.79,6002,702605.5,34577.995,7759106.54,3936,478060.63,13451.006,3104913.7,2023,209451.42,47263.986,10570058.47,4732,505465.48,87172.322,20452770.71,3398,407296.65,383095.319,82240473.92,29387,3424848.03
2024-04-27 00:00:00,81800,12844139.59,3275,402060.9,51985,11382180.88,5665,666970.1,58938.003,12443084.15,5919,690515.71,37468.003,8373448.54,4490,517229.9,13664.967,3182006.47,1654,168765.04,43751.976,9800784.33,3912,447575.55,94962.307,21911617.14,3759,448599.85,382570.256,79937261.1,28674,3341717.05
2024-04-20 00:00:00,84551,16554331.93,3279,394957.27,52638,11417222.8,5922,699683.56,57278.006,12559856.21,4901,575665.74,34040.969,7830608.06,3413,433478.76,13564.921,3226755.96,1313,136663.09,45537.973,10304019.52,4670,492917.02,86882.283,20191721.2,4210,484487.53,374493.152,82084515.68,27708,3217852.97
2024-04-13 00:00:00,86919.998,14368641.69,3766,450124.94,50730,11367063.54,5779,721906.53,60433.025,13340316.78,5375,640374.45,35291.989,8317025.62,3940,459544.95,12348.987,2831127.06,1655,169130.58,47286.958,10501029.89,4119,450584.9,89060.261,20508510.04,4100,467217.27,382071.218,81233714.62,28734,3358883.62
2024-04-06 00:00:00,86359,15449677.43,3940,444354.52,58664,12471868.77,5810,735622.24,64359.005,14239435.98,4667,553907.2,37487.953,8593698.98,4049,532075.01,12073.976,2670118.48,1408,151346.08,46953.946,10216553.92,4474,511285.44,90445.291,20750377.47,3815,428907.47,396343.171,84391731.03,28163,3357497.96
2024-03-30 00:00:00,85987.002,16221586.49,3518,415553.13,62410,13465238.58,6372,810853.75,66386.021,14699392.93,5770,643851.57,37795.999,8469533.51,4288,576967.06,13237.961,3091141.9,1335,151919.77,48325,10845652.97,3955,448500.12,95656.401,22073687.53,3729,437891.32,409798.384,88866233.91,28967,3485536.72
2024-03-23 00:00:00,94307,9466831.42,3194,377020.77,63564,13419852.94,5718,685746.71,63617.012,13971913.67,4944,593541.93,40343.007,9339179.24,4145,503721.39,15098.96,3557708.38,1425,157873.9,56385.961,12578246.73,4120,455851.89,91240.323,21254088.68,3700,414704.21,424556.263,83587821.06,27246,3188460.8
2024-03-16 00:00:00,96754.998,17599096.08,2966,338410.66,64979,13701547.04,5846,671044.71,64911.006,13926992.71,4950,569614.55,38542.984,8929014.29,3993,452752.1,13645.956,3105665.85,1586,174717.59,52539.976,11709858.8,4329,485058.37,99351.301,22920360.14,3738,427996.96,430725.221,91892534.91,27408,3119594.94
2024-03-09 00:00:00,93617.998,17302680.55,2974,325001.49,61016,13433259.43,6292,694071.26,65630.012,14169401.77,5564,617264.72,34351.941,7983478.51,3747,464069.03,14491.993,3434007.16,1543,170552.52,51385.998,11542418.96,5124,547051.7,101532.34,24623202.47,4575,524322.93,422026.282,92488448.85,29819,3342333.65
2024-03-02 00:00:00,94202,18084994.21,4196,469567.19,62967,13978764.61,6159,705533.95,64431.022,14155235.12,6102,664657.82,40381.002,9322009.58,3840,450701.58,12651.986,2940425.96,1457,166751.91,51854.939,11873466.66,4215,459354.17,102813.52,24430445.81,4144,463349.91,429301.469,94785341.95,30113,3379916.53
2024-02-24 00:00:00,92189.998,14289117.42,4106,459683.46,56381,12025372.34,6938,765525.9,68815.012,14326636.22,7474,806032.25,36649.974,7982109.57,4171,484945.57,11533.006,2724760.42,2048,209272.75,48891.948,11250095.7,4768,527223.09,98800.341,22500089.19,4440,517486.55,413261.279,85098180.86,33945,3770169.57
2024-02-17 00:00:00,93381,17357950.19,3014,316542.21,55483,11694384.11,5321,567663.89,62793.016,13579789.35,4947,565922.76,44266.975,8889215.63,3384,380225.39,10573,2411778.07,1421,156270.46,46125.988,9583856.56,3897,440028.7,99985.253,22162107.45,2886,335771.94,412608.232,85679081.36,24870,2762425.35
2024-02-10 00:00:00,90864.999,15813212.2,2768,310693.39,56279,11920959.86,5680,582475.49,62056.007,13043119.04,5309,590485.12,38094.994,8785449.63,2956,327865.53,13907.975,2929524.6,1325,142983.36,44313.972,9728083.46,3733,389519.82,103360.39,23483431.23,2836,319111.34,408877.337,85703780.02,24607,2663134.05
2024-02-03 00:00:00,83972.001,16734519.46,2544,281213.42,59378,12686464.04,5167,570685.77,65068.997,14045833.44,5090,553685.54,38037.995,8615455.37,2543,286633.47,12825.973,2935705.79,1418,154740.05,46668.993,10322552.76,3501,374667.93,103348.429,24129371.4,3421,392125.76,409300.388,89469902.26,23684,2613751.94
2024-01-27 00:00:00,80760,15107385,2757,303440.41,55208,12165271.33,5449,572645.54,66835.002,14404398.09,5338,605939.06,38960.997,8681997.16,2980,355921.46,12249,2869865.12,1619,170190.2,51933.976,11126678.49,3817,412982.49,90400.327,20907237.7,2826,347047.72,396347.302,85262832.89,24786,2768166.88
2024-01-20 00:00:00,84917.002,12627274.89,3063,333536.83,55427,11990838.62,5807,628066.09,67049.005,13980160.49,5781,660700.56,32531.964,7803808.13,2940,325909.61,14067.899,3245148.86,1542,169754.5,47070.935,10655482.48,3876,433896.68,48306.142,11922018,2451,317705.72,349369.947,72224731.47,25460,2869569.99
2024-01-13 00:00:00,95617.999,15465200.1,3001,323900.92,63502,13459625.5,5801,640520.07,64288.008,13447875.74,5260,582551.88,36605.996,8251806.83,2958,333561.33,14571,3480674.46,1414,161468.88,53911.996,11825480.26,4136,463296.39,92504.367,22040661.61,3725,473175.74,421001.366,87971324.5,26295,2978475.21
2024-01-06 00:00:00,87291,16655156.75,4098,445079.65,47496,10359304.9,5739,647593.04,58585.001,12849886.58,5510,646968.3,36545.95,8506890.92,3622,412445.96,10840.931,2456336.59,1827,193045.99,42881.969,9552884.44,4502,519600.27,83633.324,19898814.5,5370,648156.94,367274.175,80279274.68,30668,3512890.15
2023-12-30 00:00:00,65236,11923338.13,2633,316491.62,36069,7872689.51,4272,471866.13,47031.029,9978549.34,4058,478904.4,23778.001,5615039.42,2830,328479.35,8646,1933839.53,1171,127867.87,34507.972,7747849.08,3440,378111.68,66396.238,16420547.77,4371,496830.71,281664.24,61491852.78,22775,2598551.76
2023-12-23 00:00:00,100168.999,16693025.03,3110,359287.04,60967,13301887.56,4720,549549.23,64897.017,13981407.54,5024,591650.48,39358.986,9385130.94,3303,384569.31,14195,3288719.73,1362,151373.71,55718.977,12773177.36,3629,406074.86,97782.312,23759605.18,4466,540230.7,433088.291,93182953.34,25614,2982735.33
2023-12-16 00:00:00,110894.001,21720557.74,3977,441284.51,57595,12989240.47,5552,659825.55,69538.028,14756948.7,5267,637240.71,41812.991,9805877,3697,410696.11,10377.884,2340343.13,1367,162549.13,49972.994,11538185.83,4238,449496.39,100385.397,23895053.39,5207,640996.01,440576.295,97046206.26,29305,3402088.41
2023-12-09 00:00:00,111777.002,18419022.3,4257,522883.53,70783,15014764.59,5793,690879.18,72823.062,15626435.18,5260,622039.96,47989.977,10987471.46,3868,478271.23,16077,3535628.75,1847,200017.39,59395,12825843.88,5337,545224.03,99832.359,23412997.65,5316,691377.37,478677.4,99822163.81,31678,3750692.69
2023-12-02 00:00:00,101860.002,20543240.03,6504,811746.26,62518,13800892.89,9272,1174448.17,65874,14843098.82,8606,1085681.56,47875.997,11064022.47,6628,828948.83,16851.987,3827213.93,3213,371871.89,62948.944,14093826.95,6182,756238.16,124275.355,29298620.24,7739,1142826.75,482204.285,107470915.3,48144,6171761.62
2023-11-25 00:00:00,85988,15624482.55,4922,667902.35,53835,11323877.2,8166,1021607.46,53852.112,11771739.74,7556,924652.56,35144.995,8508235.99,5204,657160.97,12856.994,2934879.93,2033,225531.33,46367.004,10377217.49,4701,599792.82,82398.304,19387962.27,6041,831356.62,370442.409,79928395.17,38623,4928004.11
2023-11-18 00:00:00,99505.999,17640563.56,4034,456768.98,66492,14276141.05,7577,875446.34,67673.039,14360537.39,6639,773057.34,41984.008,9833874.14,5362,600570.21,13999.96,3249285.28,2385,255645.17,51923.983,11266939.16,4573,527490.58,105684.259,25368112.02,5310,646817.66,447263.248,95995452.6,35880,4135796.28
2023-11-11 00:00:00,28187,5014632.74,1637,188917.77,17955,3785254.44,2541,293257.17,18750.02,3795990.54,2416,274672.48,6977.966,1593819.6,1009,121137.84,3078,711208.73,283,27275.1,13581.995,2935653.26,2386,276600.89,17286.14,4115552.89,1966,213646.64,105816.121,21952112.2,12238,1395507.89
Grand Total,10553315.97,1884286894,607410,86178461.06,6729006,1484678390,1322463,194389783.7,7421818.134,1668637214,893335,120436152.1,4327224.273,1005098792,606098,80971920.33,889149.629,203851691.4,131428,15521887.83,6336578.145,1457998212,989185,142942028.8,10953387.63,2606835194,996828,161434397.7,47210479.78,10311386387,5546747,801874631.6
