Warehouse,WeekEnding,PurchaseOrderPcs,Containers,ProductionPcs,TransferInPcs,TransferInCubes,TransferInTrucks,TransferOutPcs,TransferOutCubes,TransfersOutTrucks,Unnamed: 11,Unnamed: 12
1,Total,230723,1749,800150,197281,9962640.62,3113,123892,3572999.03,1083,,
,2026-03-28 00:00:00,3362,35,16971,8221,385895.7,121,2848,119533.18,36,,11583.0
,2026-04-04 00:00:00,6262,78,19824,5678,286882.49,90,1701,84029.42,25,,11940.0
,2026-04-11 00:00:00,2243,29,20627,5761,289836.89,91,1150,60236.59,18,,8004.0
,2026-04-18 00:00:00,4746,67,20890,5959,249304.25,78,1774,91149.34,28,,10705.0
,2026-04-25 00:00:00,7203,56,19424,3922,196574.86,61,1580,78123.31,24,,11125.0
,2026-05-02 00:00:00,3132,40,23206,5613,288914.57,90,2580,126108.76,38,,8745.0
,2026-05-09 00:00:00,4674,68,23206,5676,288409.45,90,2589,121529.69,37,,10350.0
,2026-05-16 00:00:00,8013,36,22698,6082,316552.56,99,2650,125284.8,38,,14095.0
,2026-05-23 00:00:00,2769,35,20788,5674,292577.23,91,3005,140908.2,43,,8443.0
,2026-05-30 00:00:00,2377,19,19137,4312,219971.08,69,2293,107756.84,33,,6689.0
,2026-06-06 00:00:00,7326,51,26548,5231,261567.9,82,2557,127831.09,39,,12557.0
,2026-06-13 00:00:00,5040,49,24909,6138,315553.22,99,2274,109556.48,33,,11178.0
,2026-06-20 00:00:00,6239,49,25026,5984,313056.01,98,5679,130453.15,40,,12223.0
,2026-06-27 00:00:00,7130,43,23654,5042,258713.26,81,4389,82730.0,25,,12172.0
,2026-07-04 00:00:00,5802,61,18665,2038,107057.08,33,3163,85019.25,26,,7840.0
,2026-07-11 00:00:00,4197,26,22789,4908,250563.49,78,3046,82887.11,25,,9105.0
,2026-07-18 00:00:00,8277,63,21893,4942,250337.97,78,3184,91919.95,28,,13219.0
,2026-07-25 00:00:00,9269,59,20371,5946,306545.48,96,5969,90258.99,27,,15215.0
,2026-08-01 00:00:00,7868,52,23830,6132,318188.55,99,4748,102063.61,31,,14000.0
,2026-08-08 00:00:00,5645,45,22180,5025,256031.89,80,3153,89375.19,27,,10670.0
,2026-08-15 00:00:00,5668,46,20220,4820,243479.21,76,3144,89033.48,27,,10488.0
,2026-08-22 00:00:00,8786,47,20744,4843,246457.51,77,4771,100830.28,31,,13629.0
,2026-08-29 00:00:00,3547,28,18888,4179,212104.02,66,3148,89144.07,27,,7726.0
,2026-09-05 00:00:00,7114,44,20705,5108,259002.35,81,3176,90549.94,27,,12222.0
,2026-09-12 00:00:00,7044,46,21420,5419,275390.13,86,4419,83041.43,25,,12463.0
,2026-09-19 00:00:00,6908,39,19711,4873,245680.18,77,3063,85044.55,26,,11781.0
,2026-09-26 00:00:00,5286,39,20061,4949,251206.34,79,2899,77009.47,23,,10235.0
,2026-10-03 00:00:00,9096,56,21689,5593,283835.46,89,4538,88395.83,27,,14689.0
,2026-10-10 00:00:00,5917,47,20385,4905,247881.67,77,3101,87066.46,26,,10822.0
,2026-10-17 00:00:00,8523,46,20219,4858,245636.54,77,4498,86702.76,26,,13381.0
,2026-10-24 00:00:00,7180,45,19924,5254,269646.36,84,4716,97896.07,30,,12434.0
,2026-10-31 00:00:00,10409,87,25571,6123,306817.26,96,4734,98433.69,30,,16532.0
,2026-11-07 00:00:00,5097,35,24636,6194,314787.87,98,3295,97155.83,29,,11291.0
,2026-11-14 00:00:00,8748,49,25302,6154,313647.98,98,4617,92530.87,28,,14902.0
,2026-11-21 00:00:00,7331,47,27362,6150,311700.94,97,4558,157730.79,48,,13481.0
,2026-11-28 00:00:00,7260,28,13142,3560,177468.62,55,4883,105678.62,32,,10820.0
,2026-12-05 00:00:00,5235,57,23535,6015,305364.25,95,0,0.0,0,,11250.0
101,Total,0,0,186979,51800,138.31,0,186737,9704078.0,2941,,51800.0
12,Total,54980,0,504103,0,0.0,0,501138,19323030.44,5855,,54980.0
,2026-03-28 00:00:00,0,0,10271,0,0.0,0,10752,364424.99,110,,0.0
,2026-04-04 00:00:00,0,0,12459,0,0.0,0,13385,485697.48,147,,0.0
,2026-04-11 00:00:00,10980,0,13764,0,0.0,0,13755,533759.14,162,,10980.0
,2026-04-18 00:00:00,0,0,14018,0,0.0,0,13870,560170.25,170,,0.0
,2026-04-25 00:00:00,1180,0,15019,0,0.0,0,14615,567822.12,172,,1180.0
,2026-05-02 00:00:00,0,0,13993,0,0.0,0,13939,552102.89,167,,0.0
,2026-05-09 00:00:00,0,0,13048,0,0.0,0,12448,450284.13,136,,0.0
,2026-05-16 00:00:00,2460,0,8903,0,0.0,0,8965,352073.38,107,,2460.0
,2026-05-23 00:00:00,0,0,13454,0,0.0,0,12764,483025.54,146,,0.0
,2026-05-30 00:00:00,2000,0,16148,0,0.0,0,16305,623084.75,189,,2000.0
,2026-06-06 00:00:00,0,0,16582,0,0.0,0,17110,620957.92,188,,0.0
,2026-06-13 00:00:00,0,0,15092,0,0.0,0,15169,563988.35,171,,0.0
,2026-06-20 00:00:00,0,0,14344,0,0.0,0,13492,527305.34,160,,0.0
,2026-06-27 00:00:00,2000,0,15830,0,0.0,0,15994,689594.56,209,,2000.0
,2026-07-04 00:00:00,3000,0,12228,0,0.0,0,12135,478042.16,145,,3000.0
,2026-07-11 00:00:00,1000,0,12342,0,0.0,0,12497,488332.69,148,,1000.0
,2026-07-18 00:00:00,1000,0,11884,0,0.0,0,11971,465195.0,141,,1000.0
,2026-07-25 00:00:00,2000,0,13419,0,0.0,0,13022,516044.45,156,,2000.0
,2026-08-01 00:00:00,0,0,15106,0,0.0,0,14819,541751.43,164,,0.0
,2026-08-08 00:00:00,1000,0,13198,0,0.0,0,13324,511269.27,155,,1000.0
,2026-08-15 00:00:00,2160,0,13786,0,0.0,0,13537,525976.7,159,,2160.0
,2026-08-22 00:00:00,1160,0,13034,0,0.0,0,13057,503540.87,153,,1160.0
,2026-08-29 00:00:00,1160,0,12789,0,0.0,0,12691,486863.37,148,,1160.0
,2026-09-05 00:00:00,2160,0,13465,0,0.0,0,13313,505880.64,153,,2160.0
,2026-09-12 00:00:00,2160,0,13169,0,0.0,0,13069,501579.16,152,,2160.0
,2026-09-19 00:00:00,1320,0,12696,0,0.0,0,12752,486459.86,147,,1320.0
,2026-09-26 00:00:00,1160,0,14096,0,0.0,0,13835,528291.2,160,,1160.0
,2026-10-03 00:00:00,4320,0,15092,0,0.0,0,15186,593535.47,180,,4320.0
,2026-10-10 00:00:00,1160,0,13061,0,0.0,0,13023,508121.79,154,,1160.0
,2026-10-17 00:00:00,2320,0,12998,0,0.0,0,13023,512984.12,155,,2320.0
,2026-10-24 00:00:00,1160,0,13658,0,0.0,0,13366,518980.51,157,,1160.0
,2026-10-31 00:00:00,0,0,14782,0,0.0,0,14511,565058.74,171,,0.0
,2026-11-07 00:00:00,2320,0,17801,0,0.0,0,16566,651846.92,198,,2320.0
,2026-11-14 00:00:00,1320,0,16148,0,0.0,0,15409,598813.77,181,,1320.0
,2026-11-21 00:00:00,2160,0,16582,0,0.0,0,17505,670455.54,203,,2160.0
,2026-11-28 00:00:00,1160,0,11319,0,0.0,0,12118,480534.4,146,,1160.0
,2026-12-05 00:00:00,1160,0,8525,0,0.0,0,7846,309181.54,94,,1160.0
15,Total,159615,1666,437772,113722,4503034.09,1407,1804,89416.55,27,,273337.0
,2026-03-28 00:00:00,1789,29,12332,2668,97332.87,30,1259,62630.62,19,,4457.0
,2026-04-04 00:00:00,460,8,12367,4222,164003.3,51,233,13704.68,4,,4682.0
,2026-04-11 00:00:00,6243,81,12293,3581,140568.31,44,159,7903.59,2,,9824.0
,2026-04-18 00:00:00,338,6,9849,2075,72269.62,23,7,254.89,0,,2413.0
,2026-04-25 00:00:00,3528,53,5782,2654,108267.67,34,19,539.03,0,,6182.0
,2026-05-02 00:00:00,2483,35,12249,1780,70565.77,22,33,2133.0,1,,4263.0
,2026-05-09 00:00:00,4037,57,12582,3266,136917.68,43,0,0.0,0,,7303.0
,2026-05-16 00:00:00,2318,34,11207,2918,115904.19,36,0,0.0,0,,5236.0
,2026-05-23 00:00:00,1852,23,11706,2873,120354.17,38,1,22.25,0,,4725.0
,2026-05-30 00:00:00,3148,25,13210,3373,134598.58,42,9,268.5,0,,6521.0
,2026-06-06 00:00:00,4530,66,14740,2674,105163.37,33,7,165.86,0,,7204.0
,2026-06-13 00:00:00,4527,46,14740,3656,145941.66,46,6,133.5,0,,8183.0
,2026-06-20 00:00:00,4533,49,13569,2773,111155.1,35,5,111.25,0,,7306.0
,2026-06-27 00:00:00,3572,27,13116,3351,131691.82,41,6,133.5,0,,6923.0
,2026-07-04 00:00:00,4782,50,10089,3244,130812.2,41,6,133.5,0,,8026.0
,2026-07-11 00:00:00,4452,45,12607,2992,110390.24,34,7,165.86,0,,7444.0
,2026-07-18 00:00:00,6246,58,11831,2767,107849.57,34,6,133.5,0,,9013.0
,2026-07-25 00:00:00,4684,49,10975,2892,119276.03,37,5,111.25,0,,7576.0
,2026-08-01 00:00:00,7302,67,13966,2821,115382.68,36,4,109.22,0,,10123.0
,2026-08-08 00:00:00,4682,48,11098,2929,120695.45,38,0,0.0,0,,7611.0
,2026-08-15 00:00:00,4618,46,11095,3247,126495.93,40,0,0.0,0,,7865.0
,2026-08-22 00:00:00,4317,41,11753,2999,118037.55,37,0,0.0,0,,7316.0
,2026-08-29 00:00:00,3570,32,13569,3024,119425.73,37,1,32.36,0,,6594.0
,2026-09-05 00:00:00,5832,43,11802,3159,124722.6,39,5,111.25,0,,8991.0
,2026-09-12 00:00:00,4421,43,12266,3165,120694.29,38,2,64.72,0,,7586.0
,2026-09-19 00:00:00,4198,40,10883,2763,111964.83,35,1,32.36,0,,6961.0
,2026-09-26 00:00:00,4572,46,11119,2982,113522.94,35,1,32.36,0,,7554.0
,2026-10-03 00:00:00,5254,56,9653,2939,114218.94,36,0,0.0,0,,8193.0
,2026-10-10 00:00:00,4671,47,10595,2824,112294.69,35,0,0.0,0,,7495.0
,2026-10-17 00:00:00,6657,56,11462,3239,127630.38,40,18,400.5,0,,9896.0
,2026-10-24 00:00:00,3922,36,13569,2986,124092.86,39,0,0.0,0,,6908.0
,2026-10-31 00:00:00,6964,83,13569,3116,118672.53,37,4,89.0,0,,10080.0
,2026-11-07 00:00:00,4873,50,14251,3147,122806.89,38,0,0.0,0,,8020.0
,2026-11-14 00:00:00,6274,50,13569,2973,120848.33,38,0,0.0,0,,9247.0
,2026-11-21 00:00:00,3302,48,13318,2778,111957.36,35,0,0.0,0,,6080.0
,2026-11-28 00:00:00,3810,36,2537,5984,239935.26,75,0,0.0,0,,9794.0
,2026-12-05 00:00:00,6854,59,12454,2888,116572.7,36,0,0.0,0,,9742.0
17,Total,225607,2583,431927,148158,5793405.8,1810,3184,163064.2,49,,373765.0
,2026-03-28 00:00:00,1816,29,10569,3790,156463.8,49,1756,82701.51,25,,5606.0
,2026-04-04 00:00:00,4691,68,10221,4338,165877.0,52,774,44360.55,13,,9029.0
,2026-04-11 00:00:00,3369,50,8960,3295,138744.82,43,101,3451.36,1,,6664.0
,2026-04-18 00:00:00,8989,139,17947,3665,145101.25,45,10,707.89,0,,12654.0
,2026-04-25 00:00:00,96,2,7468,3325,139930.22,44,36,1200.21,0,,3421.0
,2026-05-02 00:00:00,6524,102,13157,2506,97170.65,30,29,831.43,0,,9030.0
,2026-05-09 00:00:00,7237,101,12063,3574,148569.26,46,433,28604.0,9,,10811.0
,2026-05-16 00:00:00,4080,61,10481,4504,157887.15,49,0,0.0,0,,8584.0
,2026-05-23 00:00:00,5632,78,12237,2716,104241.08,33,0,0.0,0,,8348.0
,2026-05-30 00:00:00,2249,33,15480,5102,185714.45,58,0,0.0,0,,7351.0
,2026-06-06 00:00:00,5166,53,10480,4526,182368.58,57,0,0.0,0,,9692.0
,2026-06-13 00:00:00,8666,91,13318,3124,118383.41,37,0,0.0,0,,11790.0
,2026-06-20 00:00:00,4742,50,12575,2950,113822.57,36,0,0.0,0,,7692.0
,2026-06-27 00:00:00,7313,67,13561,5370,220674.37,69,0,0.0,0,,12683.0
,2026-07-04 00:00:00,4303,57,8555,3933,164343.45,51,0,0.0,0,,8236.0
,2026-07-11 00:00:00,7073,63,12276,3267,126719.23,40,0,0.0,0,,10340.0
,2026-07-18 00:00:00,6339,76,11698,3286,132906.76,42,0,0.0,0,,9625.0
,2026-07-25 00:00:00,5899,69,11903,3061,124047.33,39,0,0.0,0,,8960.0
,2026-08-01 00:00:00,10931,100,14231,3890,160461.2,50,1,22.25,0,,14821.0
,2026-08-08 00:00:00,6205,71,11187,5678,194646.1,61,4,89.0,0,,11883.0
,2026-08-15 00:00:00,7637,72,10894,3466,133463.61,42,0,0.0,0,,11103.0
,2026-08-22 00:00:00,6217,71,11072,4369,179071.6,56,5,111.25,0,,10586.0
,2026-08-29 00:00:00,6366,53,13925,4185,164525.01,51,10,222.5,0,,10551.0
,2026-09-05 00:00:00,4890,72,11758,3770,146388.99,46,12,267.0,0,,8660.0
,2026-09-12 00:00:00,9155,71,11885,3905,149703.88,47,1,48.0,0,,13060.0
,2026-09-19 00:00:00,4047,60,11041,4080,150153.05,47,1,48.0,0,,8127.0
,2026-09-26 00:00:00,7045,62,10708,3660,140043.59,44,1,48.0,0,,10705.0
,2026-10-03 00:00:00,4992,73,9110,4457,173017.49,54,0,0.0,0,,9449.0
,2026-10-10 00:00:00,9130,74,11076,3841,146773.08,46,1,48.0,0,,12971.0
,2026-10-17 00:00:00,4960,72,10626,3737,146508.62,46,5,111.25,0,,8697.0
,2026-10-24 00:00:00,10366,91,10738,3609,141653.62,44,1,48.0,0,,13975.0
,2026-10-31 00:00:00,7603,90,15966,4043,158646.6,50,1,48.0,0,,11646.0
,2026-11-07 00:00:00,8050,77,13545,4093,160521.22,50,1,48.0,0,,12143.0
,2026-11-14 00:00:00,8057,77,13192,6071,243039.77,76,1,48.0,0,,14128.0
,2026-11-21 00:00:00,5043,73,12573,5055,197244.08,62,0,0.0,0,,10098.0
,2026-11-28 00:00:00,4664,48,3247,7140,277346.56,87,0,0.0,0,,11804.0
,2026-12-05 00:00:00,6065,89,12204,2777,107232.35,34,0,0.0,0,,8842.0
201,Total,0,0,43,0,0.0,0,43,688.0,0,,0.0
,2026-03-28 00:00:00,0,0,0,0,0.0,0,0,0.0,0,,0.0
,2026-04-04 00:00:00,0,0,0,0,0.0,0,0,0.0,0,,0.0
,2026-04-11 00:00:00,0,0,0,0,0.0,0,0,0.0,0,,0.0
,2026-04-18 00:00:00,0,0,0,0,0.0,0,0,0.0,0,,0.0
,2026-04-25 00:00:00,0,0,0,0,0.0,0,0,0.0,0,,0.0
,2026-05-02 00:00:00,0,0,0,0,0.0,0,0,0.0,0,,0.0
,2026-05-09 00:00:00,0,0,1,0,0.0,0,1,16.0,0,,0.0
,2026-05-16 00:00:00,0,0,0,0,0.0,0,0,0.0,0,,0.0
,2026-05-23 00:00:00,0,0,1,0,0.0,0,1,16.0,0,,0.0
,2026-05-30 00:00:00,0,0,2,0,0.0,0,2,32.0,0,,0.0
,2026-06-06 00:00:00,0,0,1,0,0.0,0,1,16.0,0,,0.0
,2026-06-13 00:00:00,0,0,0,0,0.0,0,0,0.0,0,,0.0
,2026-06-20 00:00:00,0,0,0,0,0.0,0,0,0.0,0,,0.0
,2026-06-27 00:00:00,0,0,0,0,0.0,0,0,0.0,0,,0.0
,2026-07-04 00:00:00,0,0,0,0,0.0,0,0,0.0,0,,0.0
,2026-07-11 00:00:00,0,0,0,0,0.0,0,0,0.0,0,,0.0
,2026-07-18 00:00:00,0,0,0,0,0.0,0,0,0.0,0,,0.0
,2026-07-25 00:00:00,0,0,0,0,0.0,0,0,0.0,0,,0.0
,2026-08-01 00:00:00,0,0,0,0,0.0,0,0,0.0,0,,0.0
,2026-08-08 00:00:00,0,0,4,0,0.0,0,4,64.0,0,,0.0
,2026-08-15 00:00:00,0,0,2,0,0.0,0,2,32.0,0,,0.0
,2026-08-22 00:00:00,0,0,2,0,0.0,0,2,32.0,0,,0.0
,2026-08-29 00:00:00,0,0,1,0,0.0,0,1,16.0,0,,0.0
,2026-09-05 00:00:00,0,0,1,0,0.0,0,1,16.0,0,,0.0
,2026-09-12 00:00:00,0,0,1,0,0.0,0,1,16.0,0,,0.0
,2026-09-19 00:00:00,0,0,2,0,0.0,0,2,32.0,0,,0.0
,2026-09-26 00:00:00,0,0,13,0,0.0,0,13,208.0,0,,0.0
,2026-10-03 00:00:00,0,0,0,0,0.0,0,0,0.0,0,,0.0
,2026-10-10 00:00:00,0,0,0,0,0.0,0,0,0.0,0,,0.0
,2026-10-17 00:00:00,0,0,0,0,0.0,0,0,0.0,0,,0.0
,2026-10-24 00:00:00,0,0,0,0,0.0,0,0,0.0,0,,0.0
,2026-10-31 00:00:00,0,0,0,0,0.0,0,0,0.0,0,,0.0
,2026-11-07 00:00:00,0,0,0,0,0.0,0,0,0.0,0,,0.0
,2026-11-14 00:00:00,0,0,5,0,0.0,0,5,80.0,0,,0.0
,2026-11-21 00:00:00,0,0,3,0,0.0,0,3,48.0,0,,0.0
,2026-11-28 00:00:00,0,0,3,0,0.0,0,3,48.0,0,,0.0
,2026-12-05 00:00:00,0,0,1,0,0.0,0,1,16.0,0,,0.0
28,Total,90920,1388,34548,313036,14776014.1,4618,541,22184.14,7,,403956.0
,2026-03-28 00:00:00,1209,20,3529,5696,262372.45,82,333,15910.8,5,,6905.0
,2026-04-04 00:00:00,1220,20,4240,4809,209454.58,65,40,2261.79,1,,6029.0
,2026-04-11 00:00:00,3837,56,3572,4096,195698.94,61,0,0.0,0,,7933.0
,2026-04-18 00:00:00,1769,26,6143,4817,228010.15,71,2,17.5,0,,6586.0
,2026-04-25 00:00:00,2045,31,4598,4559,207231.62,65,10,340.0,0,,6604.0
,2026-05-02 00:00:00,3890,58,6230,5776,257953.55,81,20,557.8,0,,9666.0
,2026-05-09 00:00:00,1026,17,6236,6824,313244.04,98,0,0.0,0,,7850.0
,2026-05-16 00:00:00,2143,32,0,5592,258779.08,81,1,34.0,0,,7735.0
,2026-05-23 00:00:00,1542,25,0,4283,197879.76,62,24,591.0,0,,5825.0
,2026-05-30 00:00:00,4169,70,0,5894,263712.47,82,0,0.0,0,,10063.0
,2026-06-06 00:00:00,2477,38,0,8114,372894.26,117,0,0.0,0,,10591.0
,2026-06-13 00:00:00,2679,40,0,15346,720606.11,225,0,0.0,0,,18025.0
,2026-06-20 00:00:00,1459,23,0,9398,440807.09,138,0,0.0,0,,10857.0
,2026-06-27 00:00:00,3934,67,0,9315,437678.98,137,1,23.0,0,,13249.0
,2026-07-04 00:00:00,2838,44,0,7686,380302.99,119,1,23.0,0,,10524.0
,2026-07-11 00:00:00,1881,28,0,9522,462091.64,144,4,89.0,0,,11403.0
,2026-07-18 00:00:00,2707,45,0,8868,423563.32,132,0,0.0,0,,11575.0
,2026-07-25 00:00:00,2225,33,0,8610,415165.01,130,0,0.0,0,,10835.0
,2026-08-01 00:00:00,3982,63,0,10065,475458.46,149,4,89.0,0,,14047.0
,2026-08-08 00:00:00,2519,38,0,9619,454783.87,142,6,133.5,0,,12138.0
,2026-08-15 00:00:00,2405,35,0,9297,443667.55,139,6,133.5,0,,11702.0
,2026-08-22 00:00:00,2381,35,0,9241,439966.8,137,16,356.0,0,,11622.0
,2026-08-29 00:00:00,1147,17,0,9860,463716.95,145,12,267.0,0,,11007.0
,2026-09-05 00:00:00,2112,31,0,9190,435129.36,136,13,289.25,0,,11302.0
,2026-09-12 00:00:00,2377,36,0,9514,449368.01,140,9,200.25,0,,11891.0
,2026-09-19 00:00:00,2596,40,0,8815,415797.68,130,5,111.25,0,,11411.0
,2026-09-26 00:00:00,2410,35,0,8956,425619.65,133,4,89.0,0,,11366.0
,2026-10-03 00:00:00,3049,45,0,8365,396968.8,124,0,0.0,0,,11414.0
,2026-10-10 00:00:00,2681,39,0,9047,430612.45,135,16,356.0,0,,11728.0
,2026-10-17 00:00:00,1646,24,0,9363,443432.17,139,14,311.5,0,,11009.0
,2026-10-24 00:00:00,2226,33,0,8834,423152.44,132,0,0.0,0,,11060.0
,2026-10-31 00:00:00,3577,52,0,11340,535899.41,167,0,0.0,0,,14917.0
,2026-11-07 00:00:00,2940,45,0,10512,499636.1,156,0,0.0,0,,13452.0
,2026-11-14 00:00:00,2739,40,0,10643,507287.37,159,0,0.0,0,,13382.0
,2026-11-21 00:00:00,2663,40,0,10520,501397.53,157,0,0.0,0,,13183.0
,2026-11-28 00:00:00,1349,21,0,9848,470896.79,147,0,0.0,0,,11197.0
,2026-12-05 00:00:00,3071,47,0,10802,515776.67,161,0,0.0,0,,13873.0
335,Total,743148,11893,0,0,0.0,0,6777,157328.37,48,,743148.0
,2026-03-28 00:00:00,10699,162,0,0,0.0,0,211,2032.45,1,,10699.0
,2026-04-04 00:00:00,13148,200,0,0,0.0,0,510,5240.12,2,,13148.0
,2026-04-11 00:00:00,18847,299,0,0,0.0,0,24,574.32,0,,18847.0
,2026-04-18 00:00:00,25447,394,0,0,0.0,0,125,2964.65,1,,25447.0
,2026-04-25 00:00:00,20058,321,0,0,0.0,0,212,5135.86,2,,20058.0
,2026-05-02 00:00:00,30083,483,0,0,0.0,0,192,4551.62,1,,30083.0
,2026-05-09 00:00:00,24832,394,0,0,0.0,0,110,2622.54,1,,24832.0
,2026-05-16 00:00:00,13598,221,0,0,0.0,0,67,1589.25,0,,13598.0
,2026-05-23 00:00:00,19545,304,0,0,0.0,0,475,4767.95,1,,19545.0
,2026-05-30 00:00:00,21065,345,0,0,0.0,0,111,2314.43,1,,21065.0
,2026-06-06 00:00:00,21059,340,0,0,0.0,0,86,2040.12,1,,21059.0
,2026-06-13 00:00:00,19917,321,0,0,0.0,0,69,1636.73,0,,19917.0
,2026-06-20 00:00:00,18583,297,0,0,0.0,0,70,1661.42,1,,18583.0
,2026-06-27 00:00:00,19588,314,0,0,0.0,0,92,2832.84,1,,19588.0
,2026-07-04 00:00:00,17708,285,0,0,0.0,0,68,1711.06,1,,17708.0
,2026-07-11 00:00:00,18347,297,0,0,0.0,0,94,2411.64,1,,18347.0
,2026-07-18 00:00:00,20500,326,0,0,0.0,0,1318,35394.44,11,,20500.0
,2026-07-25 00:00:00,17004,274,0,0,0.0,0,237,5406.69,2,,17004.0
,2026-08-01 00:00:00,21152,336,0,0,0.0,0,538,13642.66,4,,21152.0
,2026-08-08 00:00:00,20171,323,0,0,0.0,0,481,13612.73,4,,20171.0
,2026-08-15 00:00:00,20249,325,0,0,0.0,0,171,4547.75,1,,20249.0
,2026-08-22 00:00:00,19677,313,0,0,0.0,0,174,4666.5,1,,19677.0
,2026-08-29 00:00:00,17811,284,0,0,0.0,0,228,5883.16,2,,17811.0
,2026-09-05 00:00:00,21371,344,0,0,0.0,0,227,6223.91,2,,21371.0
,2026-09-12 00:00:00,20602,328,0,0,0.0,0,190,5175.08,2,,20602.0
,2026-09-19 00:00:00,19720,315,0,0,0.0,0,204,5468.36,2,,19720.0
,2026-09-26 00:00:00,19594,313,0,0,0.0,0,128,3514.98,1,,19594.0
,2026-10-03 00:00:00,20903,335,0,0,0.0,0,174,4650.86,1,,20903.0
,2026-10-10 00:00:00,20077,326,0,0,0.0,0,117,3161.33,1,,20077.0
,2026-10-17 00:00:00,19863,323,0,0,0.0,0,27,697.11,0,,19863.0
,2026-10-24 00:00:00,19451,315,0,0,0.0,0,47,1195.81,0,,19451.0
,2026-10-31 00:00:00,23114,372,0,0,0.0,0,0,0.0,0,,23114.0
,2026-11-07 00:00:00,22655,367,0,0,0.0,0,0,0.0,0,,22655.0
,2026-11-14 00:00:00,22673,367,0,0,0.0,0,0,0.0,0,,22673.0
,2026-11-21 00:00:00,21498,348,0,0,0.0,0,0,0.0,0,,21498.0
,2026-11-28 00:00:00,21853,345,0,0,0.0,0,0,0.0,0,,21853.0
,2026-12-05 00:00:00,20686,339,0,0,0.0,0,0,0.0,0,,20686.0
42,Total,0,0,0,0,0.0,0,0,0.0,0,,0.0
,2026-03-28 00:00:00,0,0,0,0,0.0,0,0,0.0,0,,0.0
,2026-04-04 00:00:00,0,0,0,0,0.0,0,0,0.0,0,,0.0
,2026-04-11 00:00:00,0,0,0,0,0.0,0,0,0.0,0,,0.0
,2026-04-18 00:00:00,0,0,0,0,0.0,0,0,0.0,0,,0.0
,2026-04-25 00:00:00,0,0,0,0,0.0,0,0,0.0,0,,0.0
,2026-05-02 00:00:00,0,0,0,0,0.0,0,0,0.0,0,,0.0
,2026-05-09 00:00:00,0,0,0,0,0.0,0,0,0.0,0,,0.0
,2026-05-16 00:00:00,0,0,0,0,0.0,0,0,0.0,0,,0.0
,2026-05-23 00:00:00,0,0,0,0,0.0,0,0,0.0,0,,0.0
,2026-05-30 00:00:00,0,0,0,0,0.0,0,0,0.0,0,,0.0
,2026-06-06 00:00:00,0,0,0,0,0.0,0,0,0.0,0,,0.0
,2026-06-13 00:00:00,0,0,0,0,0.0,0,0,0.0,0,,0.0
,2026-06-20 00:00:00,0,0,0,0,0.0,0,0,0.0,0,,0.0
,2026-06-27 00:00:00,0,0,0,0,0.0,0,0,0.0,0,,0.0
,2026-07-04 00:00:00,0,0,0,0,0.0,0,0,0.0,0,,0.0
,2026-07-11 00:00:00,0,0,0,0,0.0,0,0,0.0,0,,0.0
,2026-07-18 00:00:00,0,0,0,0,0.0,0,0,0.0,0,,0.0
,2026-07-25 00:00:00,0,0,0,0,0.0,0,0,0.0,0,,0.0
,2026-08-01 00:00:00,0,0,0,0,0.0,0,0,0.0,0,,0.0
,2026-08-08 00:00:00,0,0,0,0,0.0,0,0,0.0,0,,0.0
,2026-08-15 00:00:00,0,0,0,0,0.0,0,0,0.0,0,,0.0
,2026-08-22 00:00:00,0,0,0,0,0.0,0,0,0.0,0,,0.0
,2026-08-29 00:00:00,0,0,0,0,0.0,0,0,0.0,0,,0.0
,2026-09-05 00:00:00,0,0,0,0,0.0,0,0,0.0,0,,0.0
,2026-09-12 00:00:00,0,0,0,0,0.0,0,0,0.0,0,,0.0
,2026-09-19 00:00:00,0,0,0,0,0.0,0,0,0.0,0,,0.0
,2026-09-26 00:00:00,0,0,0,0,0.0,0,0,0.0,0,,0.0
,2026-10-03 00:00:00,0,0,0,0,0.0,0,0,0.0,0,,0.0
,2026-10-10 00:00:00,0,0,0,0,0.0,0,0,0.0,0,,0.0
,2026-10-17 00:00:00,0,0,0,0,0.0,0,0,0.0,0,,0.0
,2026-10-24 00:00:00,0,0,0,0,0.0,0,0,0.0,0,,0.0
,2026-10-31 00:00:00,0,0,0,0,0.0,0,0,0.0,0,,0.0
,2026-11-07 00:00:00,0,0,0,0,0.0,0,0,0.0,0,,0.0
,2026-11-14 00:00:00,0,0,0,0,0.0,0,0,0.0,0,,0.0
,2026-11-21 00:00:00,0,0,0,0,0.0,0,0,0.0,0,,0.0
,2026-11-28 00:00:00,0,0,0,0,0.0,0,0,0.0,0,,0.0
,2026-12-05 00:00:00,0,0,0,0,0.0,0,0,0.0,0,,0.0
49,Total,0,0,0,0,0.0,0,0,0.0,0,,0.0
,2026-03-28 00:00:00,0,0,0,0,0.0,0,0,0.0,0,,0.0
,2026-04-04 00:00:00,0,0,0,0,0.0,0,0,0.0,0,,0.0
,2026-04-11 00:00:00,0,0,0,0,0.0,0,0,0.0,0,,0.0
,2026-04-18 00:00:00,0,0,0,0,0.0,0,0,0.0,0,,0.0
,2026-04-25 00:00:00,0,0,0,0,0.0,0,0,0.0,0,,0.0
,2026-05-02 00:00:00,0,0,0,0,0.0,0,0,0.0,0,,0.0
,2026-05-09 00:00:00,0,0,0,0,0.0,0,0,0.0,0,,0.0
,2026-05-16 00:00:00,0,0,0,0,0.0,0,0,0.0,0,,0.0
,2026-05-23 00:00:00,0,0,0,0,0.0,0,0,0.0,0,,0.0
,2026-05-30 00:00:00,0,0,0,0,0.0,0,0,0.0,0,,0.0
,2026-06-06 00:00:00,0,0,0,0,0.0,0,0,0.0,0,,0.0
,2026-06-13 00:00:00,0,0,0,0,0.0,0,0,0.0,0,,0.0
,2026-06-20 00:00:00,0,0,0,0,0.0,0,0,0.0,0,,0.0
,2026-06-27 00:00:00,0,0,0,0,0.0,0,0,0.0,0,,0.0
,2026-07-04 00:00:00,0,0,0,0,0.0,0,0,0.0,0,,0.0
,2026-07-11 00:00:00,0,0,0,0,0.0,0,0,0.0,0,,0.0
,2026-07-18 00:00:00,0,0,0,0,0.0,0,0,0.0,0,,0.0
,2026-07-25 00:00:00,0,0,0,0,0.0,0,0,0.0,0,,0.0
,2026-08-01 00:00:00,0,0,0,0,0.0,0,0,0.0,0,,0.0
,2026-08-08 00:00:00,0,0,0,0,0.0,0,0,0.0,0,,0.0
,2026-08-15 00:00:00,0,0,0,0,0.0,0,0,0.0,0,,0.0
,2026-08-22 00:00:00,0,0,0,0,0.0,0,0,0.0,0,,0.0
,2026-08-29 00:00:00,0,0,0,0,0.0,0,0,0.0,0,,0.0
,2026-09-05 00:00:00,0,0,0,0,0.0,0,0,0.0,0,,0.0
,2026-09-12 00:00:00,0,0,0,0,0.0,0,0,0.0,0,,0.0
,2026-09-19 00:00:00,0,0,0,0,0.0,0,0,0.0,0,,0.0
,2026-09-26 00:00:00,0,0,0,0,0.0,0,0,0.0,0,,0.0
,2026-10-03 00:00:00,0,0,0,0,0.0,0,0,0.0,0,,0.0
,2026-10-10 00:00:00,0,0,0,0,0.0,0,0,0.0,0,,0.0
,2026-10-17 00:00:00,0,0,0,0,0.0,0,0,0.0,0,,0.0
,2026-10-24 00:00:00,0,0,0,0,0.0,0,0,0.0,0,,0.0
,2026-10-31 00:00:00,0,0,0,0,0.0,0,0,0.0,0,,0.0
,2026-11-07 00:00:00,0,0,0,0,0.0,0,0,0.0,0,,0.0
,2026-11-14 00:00:00,0,0,0,0,0.0,0,0,0.0,0,,0.0
,2026-11-21 00:00:00,0,0,0,0,0.0,0,0,0.0,0,,0.0
,2026-11-28 00:00:00,0,0,0,0,0.0,0,0,0.0,0,,0.0
,2026-12-05 00:00:00,0,0,0,0,0.0,0,0,0.0,0,,0.0
5,Total,690445,12645,0,51242,2390031.59,747,6114,103909.78,31,,741687.0
,2026-03-28 00:00:00,2080,38,0,4674,193160.05,60,619,26857.36,8,,6754.0
,2026-04-04 00:00:00,31607,608,0,2776,119396.7,37,499,24335.4,7,,34383.0
,2026-04-11 00:00:00,14278,270,0,1453,66923.11,21,241,11390.59,3,,15731.0
,2026-04-18 00:00:00,22241,409,0,1341,64583.16,20,18,50.04,0,,23582.0
,2026-04-25 00:00:00,16143,286,0,1706,77612.79,24,367,10414.97,3,,17849.0
,2026-05-02 00:00:00,24936,457,0,1615,60852.18,19,230,5230.84,2,,26551.0
,2026-05-09 00:00:00,27179,543,0,1358,69079.61,22,83,502.33,0,,28537.0
,2026-05-16 00:00:00,19676,339,0,1433,67191.54,21,111,670.7,0,,21109.0
,2026-05-23 00:00:00,18978,338,0,997,47877.91,15,102,612.76,0,,19975.0
,2026-05-30 00:00:00,13651,251,0,1184,57993.42,18,100,960.27,0,,14835.0
,2026-06-06 00:00:00,14953,268,0,1043,48527.15,15,88,524.46,0,,15996.0
,2026-06-13 00:00:00,7421,129,0,1642,78730.21,25,87,529.91,0,,9063.0
,2026-06-20 00:00:00,19060,343,0,1105,53887.17,17,130,772.9,0,,20165.0
,2026-06-27 00:00:00,19165,355,0,1441,69772.91,22,140,850.08,0,,20606.0
,2026-07-04 00:00:00,19635,365,0,973,48286.3,15,133,805.93,0,,20608.0
,2026-07-11 00:00:00,19169,357,0,1130,55494.8,17,129,778.35,0,,20299.0
,2026-07-18 00:00:00,18118,331,0,1221,57871.44,18,156,935.71,0,,19339.0
,2026-07-25 00:00:00,17232,316,0,1078,51093.25,16,156,952.17,0,,18310.0
,2026-08-01 00:00:00,26092,470,0,1109,54274.8,17,145,872.21,0,,27201.0
,2026-08-08 00:00:00,18232,333,0,1308,60432.4,19,149,899.79,0,,19540.0
,2026-08-15 00:00:00,17786,325,0,1144,55364.12,17,151,921.81,0,,18930.0
,2026-08-22 00:00:00,17369,318,0,1169,55590.62,17,158,957.73,0,,18538.0
,2026-08-29 00:00:00,11270,208,0,1315,62206.71,19,146,883.22,0,,12585.0
,2026-09-05 00:00:00,17925,327,0,1153,55750.43,17,142,855.64,0,,19078.0
,2026-09-12 00:00:00,19600,358,0,1244,59517.33,19,138,836.29,0,,20844.0
,2026-09-19 00:00:00,17975,326,0,1074,52803.41,17,130,781.13,0,,19049.0
,2026-09-26 00:00:00,18144,330,0,1159,54650.33,17,126,783.13,0,,19303.0
,2026-10-03 00:00:00,26677,491,0,1044,48434.85,15,143,917.58,0,,27721.0
,2026-10-10 00:00:00,14105,253,0,1184,56126.29,18,139,868.65,0,,15289.0
,2026-10-17 00:00:00,18054,328,0,1142,54189.06,17,190,1137.22,0,,19196.0
,2026-10-24 00:00:00,17813,323,0,1114,52728.23,16,226,1424.8,0,,18927.0
,2026-10-31 00:00:00,25640,460,0,1345,63998.15,20,152,1013.33,0,,26985.0
,2026-11-07 00:00:00,21204,387,0,1335,64243.03,20,174,1051.59,0,,22539.0
,2026-11-14 00:00:00,21308,389,0,1412,67442.78,21,167,1015.67,0,,22720.0
,2026-11-21 00:00:00,20238,369,0,1235,59601.77,19,187,1128.88,0,,21473.0
,2026-11-28 00:00:00,13515,248,0,1462,67659.3,21,62,386.34,0,,14977.0
,2026-12-05 00:00:00,21976,401,0,1124,56684.28,18,0,0.0,0,,23100.0
ECR,Total,298197,2577,1258159,272233,10548092.36,3296,291343,13754230.13,4168,,570430.0
,2026-03-28 00:00:00,4291,63,29734,8493,309818.11,97,5492,241279.31,73,,12784.0
,2026-04-04 00:00:00,5837,89,33375,8507,355516.31,111,3273,149710.19,45,,14344.0
,2026-04-11 00:00:00,5463,69,26606,8408,340794.73,106,4860,219007.09,66,,13871.0
,2026-04-18 00:00:00,3890,49,24708,7439,303315.5,95,3857,177259.58,54,,11329.0
,2026-04-25 00:00:00,7249,100,24747,9694,376914.16,118,4784,213122.27,65,,16943.0
,2026-05-02 00:00:00,3596,48,35703,7875,303800.81,95,5999,282940.88,86,,11471.0
,2026-05-09 00:00:00,3675,50,34122,6111,223199.52,70,4801,218055.89,66,,9786.0
,2026-05-16 00:00:00,4829,57,33815,5144,205372.62,64,4347,197919.62,60,,9973.0
,2026-05-23 00:00:00,5080,61,34302,6055,237916.59,74,5788,257337.2,78,,11135.0
,2026-05-30 00:00:00,6200,87,29928,8964,340732.22,106,6636,317037.29,96,,15164.0
,2026-06-06 00:00:00,6531,97,38504,11309,412900.74,129,15345,726446.81,220,,17840.0
,2026-06-13 00:00:00,4784,62,38504,9641,353273.38,110,8310,397140.27,120,,14425.0
,2026-06-20 00:00:00,9314,72,38504,6214,235085.05,73,9243,435577.13,132,,15528.0
,2026-06-27 00:00:00,7228,44,38504,8415,362117.95,113,6245,309186.71,94,,15643.0
,2026-07-04 00:00:00,8966,81,34302,6486,261483.08,82,9295,451177.61,137,,15452.0
,2026-07-11 00:00:00,9576,75,34992,6747,261578.27,82,8683,411692.6,125,,16323.0
,2026-07-18 00:00:00,9575,56,32601,6486,247702.02,77,8302,399331.88,121,,16061.0
,2026-07-25 00:00:00,7593,68,32194,6376,246537.63,77,9330,443564.59,134,,13969.0
,2026-08-01 00:00:00,12223,97,35567,6597,251844.6,79,9259,437229.51,132,,18820.0
,2026-08-08 00:00:00,10940,76,34487,6981,269306.94,84,8942,425812.54,129,,17921.0
,2026-08-15 00:00:00,8506,57,33481,6477,245733.41,77,8822,420213.36,127,,14983.0
,2026-08-22 00:00:00,10709,67,38151,6753,260864.12,82,9700,457127.79,139,,17462.0
,2026-08-29 00:00:00,9656,56,38504,6137,233655.06,73,8801,416638.34,126,,15793.0
,2026-09-05 00:00:00,8735,61,34302,6904,261514.81,82,9041,429071.25,130,,15639.0
,2026-09-12 00:00:00,7440,62,29928,7072,268890.8,84,8358,396102.03,120,,14512.0
,2026-09-19 00:00:00,9143,70,33432,6550,251011.04,78,8554,405726.15,123,,15693.0
,2026-09-26 00:00:00,9205,69,32257,6545,245666.27,77,7517,360321.04,109,,15750.0
,2026-10-03 00:00:00,10300,84,31662,9104,358006.62,112,8756,413656.4,125,,19404.0
,2026-10-10 00:00:00,10499,67,33317,6432,250980.22,78,8998,423367.64,128,,16931.0
,2026-10-17 00:00:00,11505,82,33025,6827,265272.96,83,8440,402663.23,122,,18332.0
,2026-10-24 00:00:00,7875,49,35707,6421,250246.52,78,10645,503256.82,153,,14296.0
,2026-10-31 00:00:00,11379,102,38504,7665,299022.08,93,10068,477367.58,145,,19044.0
,2026-11-07 00:00:00,11028,75,51338,7768,299978.78,94,10169,484541.1,147,,18796.0
,2026-11-14 00:00:00,9617,75,38504,7799,300716.16,94,9943,474878.4,144,,17416.0
,2026-11-21 00:00:00,10757,71,38504,6820,264602.67,83,10469,490411.09,149,,17577.0
,2026-11-28 00:00:00,6433,46,19295,7126,283257.6,89,10271,488058.94,148,,13559.0
,2026-12-05 00:00:00,8570,82,33049,7891,309463.01,97,0,0.0,0,,16461.0
Total,,2493635,34502,3653681,1147472,47973356.87,14992,1121573,46890928.64,14209,,3641107.0
